"Zeitpunkt";"Wasserstand(NHN) [mNHN]";"Hinweise"
"08.06.1976 00:00:00";"30,72";"Geprüft"
"15.06.1976 00:00:00";"30,78";"Geprüft"
"22.06.1976 00:00:00";"30,82";"Geprüft"
"01.07.1976 00:00:00";"30,76";"Geprüft"
"08.07.1976 00:00:00";"30,71";"Geprüft"
"15.07.1976 00:00:00";"30,69";"Geprüft"
"22.07.1976 00:00:00";"30,7";"Geprüft"
"01.08.1976 00:00:00";"30,68";"Geprüft"
"08.08.1976 00:00:00";"30,68";"Geprüft"
"15.08.1976 00:00:00";"30,71";"Geprüft"
"22.08.1976 00:00:00";"30,69";"Geprüft"
"01.09.1976 00:00:00";"30,67";"Geprüft"
"08.09.1976 00:00:00";"30,75";"Geprüft"
"15.09.1976 00:00:00";"30,7";"Geprüft"
"22.09.1976 00:00:00";"30,61";"Geprüft"
"01.10.1976 00:00:00";"30,64";"Geprüft"
"08.10.1976 00:00:00";"30,64";"Geprüft"
"15.10.1976 00:00:00";"30,62";"Geprüft"
"22.10.1976 00:00:00";"30,59";"Geprüft"
"01.11.1976 00:00:00";"30,61";"Geprüft"
"08.11.1976 00:00:00";"30,6";"Geprüft"
"15.11.1976 00:00:00";"30,59";"Geprüft"
"22.11.1976 00:00:00";"30,59";"Geprüft"
"01.12.1976 00:00:00";"30,59";"Geprüft"
"08.12.1976 00:00:00";"30,57";"Geprüft"
"15.12.1976 00:00:00";"30,57";"Geprüft"
"22.12.1976 00:00:00";"30,59";"Geprüft"
"01.01.1977 00:00:00";"30,59";"Geprüft"
"08.01.1977 00:00:00";"30,59";"Geprüft"
"15.01.1977 00:00:00";"30,59";"Geprüft"
"22.01.1977 00:00:00";"30,59";"Geprüft"
"01.02.1977 00:00:00";"30,6";"Geprüft"
"08.02.1977 00:00:00";"30,64";"Geprüft"
"15.02.1977 00:00:00";"30,64";"Geprüft"
"22.02.1977 00:00:00";"30,68";"Geprüft"
"01.03.1977 00:00:00";"30,68";"Geprüft"
"08.03.1977 00:00:00";"30,7";"Geprüft"
"15.03.1977 00:00:00";"30,73";"Geprüft"
"22.03.1977 00:00:00";"30,73";"Geprüft"
"01.04.1977 00:00:00";"30,76";"Geprüft"
"08.04.1977 00:00:00";"30,76";"Geprüft"
"15.04.1977 00:00:00";"30,79";"Geprüft"
"22.04.1977 00:00:00";"30,8";"Geprüft"
"01.05.1977 00:00:00";"30,84";"Geprüft"
"08.05.1977 00:00:00";"30,88";"Geprüft"
"15.05.1977 00:00:00";"30,88";"Geprüft"
"22.05.1977 00:00:00";"30,9";"Geprüft"
"01.06.1977 00:00:00";"30,99";"Geprüft"
"08.06.1977 00:00:00";"30,98";"Geprüft"
"15.06.1977 00:00:00";"30,97";"Geprüft"
"22.06.1977 00:00:00";"30,99";"Geprüft"
"01.07.1977 00:00:00";"31,02";"Geprüft"
"08.07.1977 00:00:00";"31,02";"Geprüft"
"15.07.1977 00:00:00";"31,01";"Geprüft"
"22.07.1977 00:00:00";"31,03";"Geprüft"
"01.08.1977 00:00:00";"31,01";"Geprüft"
"08.08.1977 00:00:00";"31,02";"Geprüft"
"15.08.1977 00:00:00";"31,04";"Geprüft"
"22.08.1977 00:00:00";"31,04";"Geprüft"
"01.09.1977 00:00:00";"31,05";"Geprüft"
"08.09.1977 00:00:00";"31,03";"Geprüft"
"15.09.1977 00:00:00";"31,04";"Geprüft"
"22.09.1977 00:00:00";"31,03";"Geprüft"
"01.10.1977 00:00:00";"31,03";"Geprüft"
"08.10.1977 00:00:00";"30,99";"Geprüft"
"15.10.1977 00:00:00";"30,99";"Geprüft"
"22.10.1977 00:00:00";"30,98";"Geprüft"
"01.11.1977 00:00:00";"30,97";"Geprüft"
"08.11.1977 00:00:00";"30,98";"Geprüft"
"15.11.1977 00:00:00";"30,98";"Geprüft"
"22.11.1977 00:00:00";"31,01";"Geprüft"
"01.12.1977 00:00:00";"30,99";"Geprüft"
"08.12.1977 00:00:00";"30,99";"Geprüft"
"15.12.1977 00:00:00";"30,97";"Geprüft"
"22.12.1977 00:00:00";"30,96";"Geprüft"
"01.01.1978 00:00:00";"31,03";"Geprüft"
"08.01.1978 00:00:00";"31,03";"Geprüft"
"15.01.1978 00:00:00";"31,04";"Geprüft"
"22.01.1978 00:00:00";"30,99";"Geprüft"
"01.02.1978 00:00:00";"30,99";"Geprüft"
"08.02.1978 00:00:00";"30,99";"Geprüft"
"15.02.1978 00:00:00";"31";"Geprüft"
"22.02.1978 00:00:00";"30,98";"Geprüft"
"01.03.1978 00:00:00";"30,96";"Geprüft"
"08.03.1978 00:00:00";"30,95";"Geprüft"
"15.03.1978 00:00:00";"30,99";"Geprüft"
"22.03.1978 00:00:00";"30,98";"Geprüft"
"01.04.1978 00:00:00";"31,15";"Geprüft"
"08.04.1978 00:00:00";"31,03";"Geprüft"
"15.04.1978 00:00:00";"31,04";"Geprüft, Schätzwert"
"22.04.1978 00:00:00";"31,05";"Geprüft, Schätzwert"
"01.05.1978 00:00:00";"31,05";"Geprüft"
"08.05.1978 00:00:00";"31,06";"Geprüft"
"15.05.1978 00:00:00";"31,07";"Geprüft"
"22.05.1978 00:00:00";"31,07";"Geprüft"
"01.06.1978 00:00:00";"31,01";"Geprüft"
"08.06.1978 00:00:00";"30,96";"Geprüft"
"15.06.1978 00:00:00";"30,97";"Geprüft"
"22.06.1978 00:00:00";"30,95";"Geprüft"
"01.07.1978 00:00:00";"30,95";"Geprüft"
"08.07.1978 00:00:00";"30,95";"Geprüft"
"15.07.1978 00:00:00";"30,97";"Geprüft"
"22.07.1978 00:00:00";"30,94";"Geprüft"
"01.08.1978 00:00:00";"30,88";"Geprüft"
"08.08.1978 00:00:00";"31,05";"Geprüft"
"15.08.1978 00:00:00";"31,05";"Geprüft"
"22.08.1978 00:00:00";"31,08";"Geprüft"
"01.09.1978 00:00:00";"31,13";"Geprüft"
"08.09.1978 00:00:00";"31,13";"Geprüft"
"15.09.1978 00:00:00";"31,13";"Geprüft"
"22.09.1978 00:00:00";"31,16";"Geprüft"
"01.10.1978 00:00:00";"31,18";"Geprüft"
"08.10.1978 00:00:00";"31,19";"Geprüft"
"15.10.1978 00:00:00";"31,24";"Geprüft"
"22.10.1978 00:00:00";"31,25";"Geprüft"
"01.11.1978 00:00:00";"31,24";"Geprüft"
"08.11.1978 00:00:00";"31,25";"Geprüft"
"15.11.1978 00:00:00";"31,25";"Geprüft"
"22.11.1978 00:00:00";"31,23";"Geprüft"
"01.12.1978 00:00:00";"31,23";"Geprüft"
"08.12.1978 00:00:00";"31,23";"Geprüft"
"15.12.1978 00:00:00";"31,24";"Geprüft"
"22.12.1978 00:00:00";"31,25";"Geprüft"
"01.01.1979 00:00:00";"31,29";"Geprüft"
"08.01.1979 00:00:00";"31,31";"Geprüft"
"15.01.1979 00:00:00";"31,33";"Geprüft, Schätzwert"
"22.01.1979 00:00:00";"31,34";"Geprüft, Schätzwert"
"01.02.1979 00:00:00";"31,35";"Geprüft"
"08.02.1979 00:00:00";"31,34";"Geprüft"
"15.02.1979 00:00:00";"31,35";"Geprüft, Schätzwert"
"22.02.1979 00:00:00";"31,36";"Geprüft, Schätzwert"
"01.03.1979 00:00:00";"31,36";"Geprüft"
"08.03.1979 00:00:00";"31,39";"Geprüft"
"15.03.1979 00:00:00";"31,48";"Geprüft"
"22.03.1979 00:00:00";"31,55";"Geprüft"
"01.04.1979 00:00:00";"31,67";"Geprüft"
"08.04.1979 00:00:00";"31,73";"Geprüft"
"15.04.1979 00:00:00";"31,78";"Geprüft"
"22.04.1979 00:00:00";"31,74";"Geprüft"
"01.05.1979 00:00:00";"31,75";"Geprüft"
"08.05.1979 00:00:00";"31,69";"Geprüft"
"15.05.1979 00:00:00";"31,69";"Geprüft"
"22.05.1979 00:00:00";"31,67";"Geprüft"
"01.06.1979 00:00:00";"31,64";"Geprüft"
"08.06.1979 00:00:00";"31,61";"Geprüft"
"15.06.1979 00:00:00";"31,57";"Geprüft"
"22.06.1979 00:00:00";"31,56";"Geprüft"
"01.07.1979 00:00:00";"31,57";"Geprüft"
"08.07.1979 00:00:00";"31,51";"Geprüft"
"15.07.1979 00:00:00";"31,51";"Geprüft"
"22.07.1979 00:00:00";"31,5";"Geprüft"
"01.08.1979 00:00:00";"31,49";"Geprüft"
"08.08.1979 00:00:00";"31,5";"Geprüft"
"15.08.1979 00:00:00";"31,43";"Geprüft"
"22.08.1979 00:00:00";"31,42";"Geprüft"
"01.09.1979 00:00:00";"31,4";"Geprüft"
"08.09.1979 00:00:00";"31,38";"Geprüft"
"15.09.1979 00:00:00";"31,37";"Geprüft"
"22.09.1979 00:00:00";"31,37";"Geprüft"
"01.10.1979 00:00:00";"31,31";"Geprüft"
"08.10.1979 00:00:00";"31,31";"Geprüft"
"15.10.1979 00:00:00";"31,31";"Geprüft"
"22.10.1979 00:00:00";"31,27";"Geprüft"
"01.11.1979 00:00:00";"31,27";"Geprüft"
"08.11.1979 00:00:00";"31,28";"Geprüft"
"15.11.1979 00:00:00";"31,28";"Geprüft"
"22.11.1979 00:00:00";"31,24";"Geprüft"
"01.12.1979 00:00:00";"31,28";"Geprüft"
"08.12.1979 00:00:00";"31,3";"Geprüft"
"15.12.1979 00:00:00";"31,33";"Geprüft"
"22.12.1979 00:00:00";"31,4";"Geprüft"
"01.01.1980 00:00:00";"31,44";"Geprüft"
"08.01.1980 00:00:00";"31,41";"Geprüft"
"15.01.1980 00:00:00";"31,42";"Geprüft"
"22.01.1980 00:00:00";"31,43";"Geprüft"
"01.02.1980 00:00:00";"31,42";"Geprüft"
"08.02.1980 00:00:00";"31,41";"Geprüft"
"15.02.1980 00:00:00";"31,46";"Geprüft"
"22.02.1980 00:00:00";"31,38";"Geprüft"
"01.03.1980 00:00:00";"31,43";"Geprüft"
"08.03.1980 00:00:00";"31,5";"Geprüft"
"15.03.1980 00:00:00";"31,5";"Geprüft"
"22.03.1980 00:00:00";"31,48";"Geprüft"
"01.04.1980 00:00:00";"31,48";"Geprüft"
"08.04.1980 00:00:00";"31,53";"Geprüft"
"15.04.1980 00:00:00";"31,53";"Geprüft"
"22.04.1980 00:00:00";"31,54";"Geprüft"
"01.05.1980 00:00:00";"31,6";"Geprüft"
"08.05.1980 00:00:00";"31,66";"Geprüft"
"15.05.1980 00:00:00";"31,68";"Geprüft"
"22.05.1980 00:00:00";"31,7";"Geprüft"
"01.06.1980 00:00:00";"31,65";"Geprüft"
"08.06.1980 00:00:00";"31,63";"Geprüft"
"15.06.1980 00:00:00";"31,83";"Geprüft"
"22.06.1980 00:00:00";"31,88";"Geprüft"
"01.07.1980 00:00:00";"31,9";"Geprüft"
"08.07.1980 00:00:00";"31,95";"Geprüft"
"15.07.1980 00:00:00";"32,02";"Geprüft"
"22.07.1980 00:00:00";"32,02";"Geprüft"
"01.08.1980 00:00:00";"31,99";"Geprüft"
"08.08.1980 00:00:00";"31,96";"Geprüft"
"15.08.1980 00:00:00";"31,94";"Geprüft"
"22.08.1980 00:00:00";"31,91";"Geprüft"
"01.09.1980 00:00:00";"31,83";"Geprüft"
"08.09.1980 00:00:00";"31,79";"Geprüft"
"15.09.1980 00:00:00";"31,75";"Geprüft"
"22.09.1980 00:00:00";"31,72";"Geprüft"
"01.10.1980 00:00:00";"31,7";"Geprüft"
"08.10.1980 00:00:00";"31,66";"Geprüft"
"15.10.1980 00:00:00";"31,65";"Geprüft"
"22.10.1980 00:00:00";"31,63";"Geprüft"
"01.11.1980 00:00:00";"31,62";"Geprüft"
"08.11.1980 00:00:00";"31,6";"Geprüft"
"15.11.1980 00:00:00";"31,58";"Geprüft"
"22.11.1980 00:00:00";"31,56";"Geprüft"
"01.12.1980 00:00:00";"31,56";"Geprüft"
"08.12.1980 00:00:00";"31,57";"Geprüft"
"15.12.1980 00:00:00";"31,57";"Geprüft"
"22.12.1980 00:00:00";"31,55";"Geprüft"
"01.01.1981 00:00:00";"31,59";"Geprüft"
"08.01.1981 00:00:00";"31,59";"Geprüft"
"15.01.1981 00:00:00";"31,61";"Geprüft"
"22.01.1981 00:00:00";"31,64";"Geprüft"
"01.02.1981 00:00:00";"31,64";"Geprüft"
"08.02.1981 00:00:00";"31,67";"Geprüft"
"15.02.1981 00:00:00";"31,66";"Geprüft"
"22.02.1981 00:00:00";"31,7";"Geprüft"
"01.03.1981 00:00:00";"31,7";"Geprüft"
"08.03.1981 00:00:00";"31,77";"Geprüft"
"15.03.1981 00:00:00";"31,83";"Geprüft"
"22.03.1981 00:00:00";"31,94";"Geprüft"
"01.04.1981 00:00:00";"31,97";"Geprüft"
"08.04.1981 00:00:00";"32,02";"Geprüft"
"15.04.1981 00:00:00";"32,03";"Geprüft"
"22.04.1981 00:00:00";"32,01";"Geprüft"
"01.05.1981 00:00:00";"31,97";"Geprüft"
"08.05.1981 00:00:00";"31,9";"Geprüft"
"15.05.1981 00:00:00";"31,87";"Geprüft"
"22.05.1981 00:00:00";"31,84";"Geprüft"
"01.06.1981 00:00:00";"31,64";"Geprüft"
"08.06.1981 00:00:00";"31,67";"Geprüft"
"15.06.1981 00:00:00";"31,66";"Geprüft"
"22.06.1981 00:00:00";"31,7";"Geprüft"
"01.07.1981 00:00:00";"31,72";"Geprüft"
"08.07.1981 00:00:00";"31,65";"Geprüft"
"15.07.1981 00:00:00";"31,64";"Geprüft"
"22.07.1981 00:00:00";"31,63";"Geprüft"
"01.08.1981 00:00:00";"31,7";"Geprüft"
"08.08.1981 00:00:00";"31,68";"Geprüft"
"15.08.1981 00:00:00";"31,65";"Geprüft"
"22.08.1981 00:00:00";"31,63";"Geprüft"
"01.09.1981 00:00:00";"31,6";"Geprüft"
"08.09.1981 00:00:00";"31,59";"Geprüft"
"15.09.1981 00:00:00";"31,59";"Geprüft, Schätzwert"
"22.09.1981 00:00:00";"31,59";"Geprüft, Schätzwert"
"01.10.1981 00:00:00";"31,59";"Geprüft"
"08.10.1981 00:00:00";"31,55";"Geprüft"
"15.10.1981 00:00:00";"31,53";"Geprüft"
"22.10.1981 00:00:00";"31,55";"Geprüft"
"01.11.1981 00:00:00";"31,62";"Geprüft"
"08.11.1981 00:00:00";"31,66";"Geprüft"
"15.11.1981 00:00:00";"31,67";"Geprüft"
"22.11.1981 00:00:00";"31,68";"Geprüft"
"01.12.1981 00:00:00";"31,75";"Geprüft"
"08.12.1981 00:00:00";"31,8";"Geprüft"
"15.12.1981 00:00:00";"31,85";"Geprüft"
"22.12.1981 00:00:00";"31,87";"Geprüft"
"01.01.1982 00:00:00";"31,91";"Geprüft"
"08.01.1982 00:00:00";"31,94";"Geprüft"
"15.01.1982 00:00:00";"31,98";"Geprüft"
"22.01.1982 00:00:00";"31,99";"Geprüft"
"01.02.1982 00:00:00";"31,99";"Geprüft"
"08.02.1982 00:00:00";"32";"Geprüft"
"15.02.1982 00:00:00";"31,99";"Geprüft"
"22.02.1982 00:00:00";"31,97";"Geprüft"
"01.03.1982 00:00:00";"31,95";"Geprüft"
"08.03.1982 00:00:00";"31,94";"Geprüft"
"15.03.1982 00:00:00";"31,98";"Geprüft"
"22.03.1982 00:00:00";"31,98";"Geprüft, Schätzwert"
"01.04.1982 00:00:00";"31,98";"Geprüft"
"08.04.1982 00:00:00";"31,98";"Geprüft"
"15.04.1982 00:00:00";"31,96";"Geprüft"
"22.04.1982 00:00:00";"31,94";"Geprüft"
"01.05.1982 00:00:00";"31,9";"Geprüft"
"08.05.1982 00:00:00";"31,86";"Geprüft"
"15.05.1982 00:00:00";"31,87";"Geprüft"
"22.05.1982 00:00:00";"31,86";"Geprüft"
"01.06.1982 00:00:00";"31,85";"Geprüft"
"08.06.1982 00:00:00";"31,83";"Geprüft"
"15.06.1982 00:00:00";"31,81";"Geprüft"
"22.06.1982 00:00:00";"31,75";"Geprüft"
"01.07.1982 00:00:00";"31,72";"Geprüft"
"08.07.1982 00:00:00";"31,69";"Geprüft"
"15.07.1982 00:00:00";"31,66";"Geprüft"
"22.07.1982 00:00:00";"31,64";"Geprüft"
"01.08.1982 00:00:00";"31,56";"Geprüft"
"08.08.1982 00:00:00";"31,52";"Geprüft"
"15.08.1982 00:00:00";"31,51";"Geprüft"
"22.08.1982 00:00:00";"31,51";"Geprüft"
"01.09.1982 00:00:00";"31,47";"Geprüft"
"08.09.1982 00:00:00";"31,43";"Geprüft"
"15.09.1982 00:00:00";"31,38";"Geprüft"
"22.09.1982 00:00:00";"31,37";"Geprüft"
"01.10.1982 00:00:00";"31,35";"Geprüft"
"08.10.1982 00:00:00";"31,33";"Geprüft"
"15.10.1982 00:00:00";"31,31";"Geprüft"
"22.10.1982 00:00:00";"31,32";"Geprüft"
"01.11.1982 00:00:00";"31,29";"Geprüft"
"08.11.1982 00:00:00";"31,3";"Geprüft"
"15.11.1982 00:00:00";"31,28";"Geprüft"
"22.11.1982 00:00:00";"31,28";"Geprüft"
"01.12.1982 00:00:00";"31,25";"Geprüft"
"08.12.1982 00:00:00";"31,25";"Geprüft"
"15.12.1982 00:00:00";"31,24";"Geprüft"
"22.12.1982 00:00:00";"31,24";"Geprüft"
"01.01.1983 00:00:00";"31,25";"Geprüft"
"08.01.1983 00:00:00";"31,27";"Geprüft"
"15.01.1983 00:00:00";"31,28";"Geprüft"
"22.01.1983 00:00:00";"31,29";"Geprüft"
"01.02.1983 00:00:00";"31,35";"Geprüft"
"08.02.1983 00:00:00";"31,35";"Geprüft"
"15.02.1983 00:00:00";"31,36";"Geprüft"
"22.02.1983 00:00:00";"31,37";"Geprüft"
"01.03.1983 00:00:00";"31,33";"Geprüft"
"08.03.1983 00:00:00";"31,33";"Geprüft"
"15.03.1983 00:00:00";"31,34";"Geprüft"
"22.03.1983 00:00:00";"31,35";"Geprüft"
"01.04.1983 00:00:00";"31,36";"Geprüft"
"08.04.1983 00:00:00";"31,35";"Geprüft"
"15.04.1983 00:00:00";"31,4";"Geprüft"
"22.04.1983 00:00:00";"31,43";"Geprüft"
"01.05.1983 00:00:00";"31,45";"Geprüft"
"08.05.1983 00:00:00";"31,5";"Geprüft"
"15.05.1983 00:00:00";"31,53";"Geprüft"
"22.05.1983 00:00:00";"31,56";"Geprüft"
"01.06.1983 00:00:00";"31,56";"Geprüft, Schätzwert"
"08.06.1983 00:00:00";"31,55";"Geprüft, Schätzwert"
"15.06.1983 00:00:00";"31,55";"Geprüft"
"22.06.1983 00:00:00";"31,53";"Geprüft"
"01.07.1983 00:00:00";"31,45";"Geprüft"
"08.07.1983 00:00:00";"31,38";"Geprüft"
"15.07.1983 00:00:00";"31,35";"Geprüft"
"22.07.1983 00:00:00";"31,3";"Geprüft"
"01.08.1983 00:00:00";"31,28";"Geprüft"
"08.08.1983 00:00:00";"31,31";"Geprüft"
"15.08.1983 00:00:00";"31,3";"Geprüft"
"22.08.1983 00:00:00";"31,27";"Geprüft"
"01.09.1983 00:00:00";"31,27";"Geprüft"
"08.09.1983 00:00:00";"31,26";"Geprüft"
"15.09.1983 00:00:00";"31,25";"Geprüft"
"22.09.1983 00:00:00";"31,24";"Geprüft"
"01.10.1983 00:00:00";"31,24";"Geprüft"
"08.10.1983 00:00:00";"31,23";"Geprüft"
"15.10.1983 00:00:00";"31,2";"Geprüft"
"22.10.1983 00:00:00";"31,19";"Geprüft"
"01.11.1983 00:00:00";"31,17";"Geprüft"
"08.11.1983 00:00:00";"31,15";"Geprüft"
"15.11.1983 00:00:00";"31,15";"Geprüft"
"22.11.1983 00:00:00";"31,15";"Geprüft"
"01.12.1983 00:00:00";"31,15";"Geprüft"
"08.12.1983 00:00:00";"31,16";"Geprüft"
"15.12.1983 00:00:00";"31,22";"Geprüft"
"22.12.1983 00:00:00";"31,21";"Geprüft"
"01.01.1984 00:00:00";"31,29";"Geprüft"
"08.01.1984 00:00:00";"31,31";"Geprüft"
"15.01.1984 00:00:00";"31,33";"Geprüft"
"22.01.1984 00:00:00";"31,34";"Geprüft"
"01.02.1984 00:00:00";"31,39";"Geprüft"
"08.02.1984 00:00:00";"31,4";"Geprüft"
"15.02.1984 00:00:00";"31,44";"Geprüft"
"22.02.1984 00:00:00";"31,46";"Geprüft"
"01.03.1984 00:00:00";"31,45";"Geprüft"
"08.03.1984 00:00:00";"31,43";"Geprüft"
"15.03.1984 00:00:00";"31,44";"Geprüft"
"22.03.1984 00:00:00";"31,45";"Geprüft"
"01.04.1984 00:00:00";"31,44";"Geprüft"
"08.04.1984 00:00:00";"31,42";"Geprüft"
"15.04.1984 00:00:00";"31,44";"Geprüft"
"22.04.1984 00:00:00";"31,43";"Geprüft"
"01.05.1984 00:00:00";"31,43";"Geprüft"
"08.05.1984 00:00:00";"31,42";"Geprüft"
"15.05.1984 00:00:00";"31,42";"Geprüft"
"22.05.1984 00:00:00";"31,4";"Geprüft"
"01.06.1984 00:00:00";"31,44";"Geprüft"
"08.06.1984 00:00:00";"31,46";"Geprüft"
"15.06.1984 00:00:00";"31,46";"Geprüft"
"22.06.1984 00:00:00";"31,45";"Geprüft"
"01.07.1984 00:00:00";"31,44";"Geprüft"
"08.07.1984 00:00:00";"31,42";"Geprüft"
"15.07.1984 00:00:00";"31,41";"Geprüft"
"22.07.1984 00:00:00";"31,41";"Geprüft"
"01.08.1984 00:00:00";"31,35";"Geprüft"
"08.08.1984 00:00:00";"31,33";"Geprüft"
"15.08.1984 00:00:00";"31,32";"Geprüft"
"22.08.1984 00:00:00";"31,3";"Geprüft"
"01.09.1984 00:00:00";"31,24";"Geprüft"
"08.09.1984 00:00:00";"31,26";"Geprüft"
"15.09.1984 00:00:00";"31,25";"Geprüft"
"22.09.1984 00:00:00";"31,24";"Geprüft"
"01.10.1984 00:00:00";"31,22";"Geprüft"
"08.10.1984 00:00:00";"31,2";"Geprüft"
"15.10.1984 00:00:00";"31,17";"Geprüft"
"22.10.1984 00:00:00";"31,17";"Geprüft"
"01.11.1984 00:00:00";"31,16";"Geprüft"
"08.11.1984 00:00:00";"31,15";"Geprüft"
"15.11.1984 00:00:00";"31,15";"Geprüft"
"22.11.1984 00:00:00";"31,14";"Geprüft"
"01.12.1984 00:00:00";"31,16";"Geprüft"
"08.12.1984 00:00:00";"31,16";"Geprüft"
"15.12.1984 00:00:00";"31,17";"Geprüft"
"22.12.1984 00:00:00";"31,16";"Geprüft"
"01.01.1985 00:00:00";"31,15";"Geprüft"
"08.01.1985 00:00:00";"31,15";"Geprüft"
"15.01.1985 00:00:00";"31,16";"Geprüft"
"22.01.1985 00:00:00";"31,17";"Geprüft"
"01.02.1985 00:00:00";"31,19";"Geprüft"
"08.02.1985 00:00:00";"31,21";"Geprüft"
"15.02.1985 00:00:00";"31,23";"Geprüft"
"22.02.1985 00:00:00";"31,25";"Geprüft"
"01.03.1985 00:00:00";"31,21";"Geprüft"
"08.03.1985 00:00:00";"31,22";"Geprüft"
"15.03.1985 00:00:00";"31,23";"Geprüft"
"22.03.1985 00:00:00";"31,24";"Geprüft"
"01.04.1985 00:00:00";"31,23";"Geprüft"
"08.04.1985 00:00:00";"31,24";"Geprüft"
"15.04.1985 00:00:00";"31,24";"Geprüft"
"22.04.1985 00:00:00";"31,24";"Geprüft"
"01.05.1985 00:00:00";"31,26";"Geprüft"
"08.05.1985 00:00:00";"31,28";"Geprüft"
"15.05.1985 00:00:00";"31,27";"Geprüft"
"22.05.1985 00:00:00";"31,27";"Geprüft"
"01.06.1985 00:00:00";"31,27";"Geprüft"
"08.06.1985 00:00:00";"31,26";"Geprüft"
"15.06.1985 00:00:00";"31,26";"Geprüft"
"22.06.1985 00:00:00";"31,27";"Geprüft"
"01.07.1985 00:00:00";"31,24";"Geprüft"
"08.07.1985 00:00:00";"31,21";"Geprüft"
"15.07.1985 00:00:00";"31,22";"Geprüft"
"22.07.1985 00:00:00";"31,22";"Geprüft"
"01.08.1985 00:00:00";"31,12";"Geprüft"
"08.08.1985 00:00:00";"31,1";"Geprüft"
"15.08.1985 00:00:00";"31,14";"Geprüft"
"22.08.1985 00:00:00";"31,11";"Geprüft"
"01.09.1985 00:00:00";"31,12";"Geprüft"
"08.09.1985 00:00:00";"31,1";"Geprüft"
"15.09.1985 00:00:00";"31,08";"Geprüft"
"22.09.1985 00:00:00";"31,09";"Geprüft"
"01.10.1985 00:00:00";"31,05";"Geprüft"
"08.10.1985 00:00:00";"31,04";"Geprüft"
"15.10.1985 00:00:00";"31,02";"Geprüft"
"22.10.1985 00:00:00";"31,01";"Geprüft"
"01.11.1985 00:00:00";"31,01";"Geprüft"
"08.11.1985 00:00:00";"31";"Geprüft"
"15.11.1985 00:00:00";"31,01";"Geprüft"
"22.11.1985 00:00:00";"31";"Geprüft"
"01.12.1985 00:00:00";"31,01";"Geprüft"
"08.12.1985 00:00:00";"30,97";"Geprüft"
"15.12.1985 00:00:00";"30,98";"Geprüft"
"22.12.1985 00:00:00";"30,96";"Geprüft"
"01.01.1986 00:00:00";"30,98";"Geprüft"
"08.01.1986 00:00:00";"31";"Geprüft"
"15.01.1986 00:00:00";"31,04";"Geprüft"
"22.01.1986 00:00:00";"31,05";"Geprüft"
"01.02.1986 00:00:00";"31,06";"Geprüft"
"08.02.1986 00:00:00";"31,08";"Geprüft"
"15.02.1986 00:00:00";"31,09";"Geprüft"
"22.02.1986 00:00:00";"31,1";"Geprüft"
"01.03.1986 00:00:00";"31,15";"Geprüft"
"08.03.1986 00:00:00";"31,16";"Geprüft"
"15.03.1986 00:00:00";"31,18";"Geprüft"
"22.03.1986 00:00:00";"31,18";"Geprüft"
"01.04.1986 00:00:00";"31,27";"Geprüft"
"08.04.1986 00:00:00";"31,26";"Geprüft"
"15.04.1986 00:00:00";"31,27";"Geprüft"
"22.04.1986 00:00:00";"31,27";"Geprüft"
"01.05.1986 00:00:00";"31,3";"Geprüft"
"08.05.1986 00:00:00";"31,33";"Geprüft"
"15.05.1986 00:00:00";"31,34";"Geprüft"
"22.05.1986 00:00:00";"31,37";"Geprüft"
"01.06.1986 00:00:00";"31,41";"Geprüft"
"08.06.1986 00:00:00";"31,51";"Geprüft"
"15.06.1986 00:00:00";"31,55";"Geprüft"
"22.06.1986 00:00:00";"31,58";"Geprüft"
"01.07.1986 00:00:00";"31,55";"Geprüft"
"08.07.1986 00:00:00";"31,52";"Geprüft"
"15.07.1986 00:00:00";"31,46";"Geprüft"
"22.07.1986 00:00:00";"31,48";"Geprüft"
"01.08.1986 00:00:00";"31,44";"Geprüft"
"08.08.1986 00:00:00";"31,41";"Geprüft"
"15.08.1986 00:00:00";"31,39";"Geprüft"
"22.08.1986 00:00:00";"31,35";"Geprüft"
"01.09.1986 00:00:00";"31,31";"Geprüft"
"08.09.1986 00:00:00";"31,32";"Geprüft"
"15.09.1986 00:00:00";"31,32";"Geprüft"
"22.09.1986 00:00:00";"31,31";"Geprüft"
"01.10.1986 00:00:00";"31,3";"Geprüft"
"08.10.1986 00:00:00";"31,28";"Geprüft"
"15.10.1986 00:00:00";"31,26";"Geprüft"
"22.10.1986 00:00:00";"31,25";"Geprüft"
"01.11.1986 00:00:00";"31,25";"Geprüft"
"08.11.1986 00:00:00";"31,24";"Geprüft"
"15.11.1986 00:00:00";"31,24";"Geprüft"
"22.11.1986 00:00:00";"31,23";"Geprüft"
"01.12.1986 00:00:00";"31,21";"Geprüft"
"08.12.1986 00:00:00";"31,21";"Geprüft"
"15.12.1986 00:00:00";"31,2";"Geprüft"
"22.12.1986 00:00:00";"31,2";"Geprüft"
"01.01.1987 00:00:00";"31,35";"Geprüft"
"08.01.1987 00:00:00";"31,37";"Geprüft"
"15.01.1987 00:00:00";"31,56";"Geprüft"
"22.01.1987 00:00:00";"31,56";"Geprüft"
"01.02.1987 00:00:00";"31,6";"Geprüft"
"08.02.1987 00:00:00";"31,65";"Geprüft"
"15.02.1987 00:00:00";"31,67";"Geprüft"
"22.02.1987 00:00:00";"31,73";"Geprüft"
"01.03.1987 00:00:00";"31,73";"Geprüft"
"08.03.1987 00:00:00";"31,74";"Geprüft"
"15.03.1987 00:00:00";"31,74";"Geprüft"
"22.03.1987 00:00:00";"31,76";"Geprüft"
"01.04.1987 00:00:00";"31,77";"Geprüft"
"08.04.1987 00:00:00";"31,78";"Geprüft"
"15.04.1987 00:00:00";"31,77";"Geprüft"
"22.04.1987 00:00:00";"31,79";"Geprüft"
"01.05.1987 00:00:00";"31,8";"Geprüft"
"08.05.1987 00:00:00";"31,83";"Geprüft"
"15.05.1987 00:00:00";"31,8";"Geprüft"
"22.05.1987 00:00:00";"31,81";"Geprüft"
"01.06.1987 00:00:00";"31,77";"Geprüft"
"08.06.1987 00:00:00";"31,79";"Geprüft"
"15.06.1987 00:00:00";"31,78";"Geprüft"
"22.06.1987 00:00:00";"31,82";"Geprüft"
"01.07.1987 00:00:00";"31,75";"Geprüft"
"08.07.1987 00:00:00";"31,72";"Geprüft"
"15.07.1987 00:00:00";"31,7";"Geprüft"
"22.07.1987 00:00:00";"31,72";"Geprüft"
"01.08.1987 00:00:00";"31,73";"Geprüft"
"08.08.1987 00:00:00";"31,73";"Geprüft"
"15.08.1987 00:00:00";"31,74";"Geprüft"
"22.08.1987 00:00:00";"31,75";"Geprüft"
"01.09.1987 00:00:00";"31,72";"Geprüft"
"08.09.1987 00:00:00";"31,68";"Geprüft"
"15.09.1987 00:00:00";"31,66";"Geprüft"
"22.09.1987 00:00:00";"31,65";"Geprüft"
"01.10.1987 00:00:00";"31,63";"Geprüft"
"08.10.1987 00:00:00";"31,61";"Geprüft"
"15.10.1987 00:00:00";"31,6";"Geprüft"
"22.10.1987 00:00:00";"31,58";"Geprüft"
"01.11.1987 00:00:00";"31,54";"Geprüft"
"08.11.1987 00:00:00";"31,53";"Geprüft"
"15.11.1987 00:00:00";"31,52";"Geprüft"
"22.11.1987 00:00:00";"31,57";"Geprüft"
"01.12.1987 00:00:00";"31,59";"Geprüft"
"08.12.1987 00:00:00";"31,6";"Geprüft"
"15.12.1987 00:00:00";"31,59";"Geprüft"
"22.12.1987 00:00:00";"31,58";"Geprüft"
"15.05.1988 00:00:00";"31,84";"Geprüft"
"22.05.1988 00:00:00";"31,81";"Geprüft"
"01.07.1988 00:00:00";"31,92";"Geprüft"
"08.07.1988 00:00:00";"31,74";"Geprüft"
"15.07.1988 00:00:00";"31,92";"Geprüft"
"22.07.1988 00:00:00";"31,72";"Geprüft"
"01.08.1988 00:00:00";"31,63";"Geprüft"
"08.08.1988 00:00:00";"31,7";"Geprüft"
"15.08.1988 00:00:00";"31,62";"Geprüft"
"22.08.1988 00:00:00";"31,8";"Geprüft"
"01.09.1988 00:00:00";"31,61";"Geprüft"
"08.09.1988 00:00:00";"31,46";"Geprüft"
"15.09.1988 00:00:00";"31,56";"Geprüft"
"22.09.1988 00:00:00";"31,6";"Geprüft"
"01.10.1988 00:00:00";"31,56";"Geprüft"
"08.10.1988 00:00:00";"31,51";"Geprüft"
"15.10.1988 00:00:00";"31,36";"Geprüft"
"22.10.1988 00:00:00";"31,42";"Geprüft"
"01.11.1988 00:00:00";"31,4";"Geprüft"
"08.11.1988 00:00:00";"31,51";"Geprüft"
"15.11.1988 00:00:00";"31,27";"Geprüft"
"22.11.1988 00:00:00";"31,4";"Geprüft"
"01.12.1988 00:00:00";"31,4";"Geprüft"
"08.12.1988 00:00:00";"31,37";"Geprüft"
"15.12.1988 00:00:00";"31,43";"Geprüft"
"22.12.1988 00:00:00";"31,41";"Geprüft"
"01.01.1989 00:00:00";"31,47";"Geprüft"
"08.01.1989 00:00:00";"31,33";"Geprüft"
"15.01.1989 00:00:00";"31,4";"Geprüft"
"22.01.1989 00:00:00";"31,43";"Geprüft"
"01.02.1989 00:00:00";"31,36";"Geprüft"
"08.02.1989 00:00:00";"31,39";"Geprüft"
"15.02.1989 00:00:00";"31,39";"Geprüft"
"22.02.1989 00:00:00";"31,3";"Geprüft"
"01.03.1989 00:00:00";"31,38";"Geprüft"
"08.03.1989 00:00:00";"31,26";"Geprüft"
"15.03.1989 00:00:00";"31,3";"Geprüft"
"22.03.1989 00:00:00";"31,4";"Geprüft"
"01.04.1989 00:00:00";"31,36";"Geprüft"
"08.04.1989 00:00:00";"31,42";"Geprüft"
"15.04.1989 00:00:00";"31,38";"Geprüft"
"22.04.1989 00:00:00";"31,36";"Geprüft"
"01.05.1989 00:00:00";"31,38";"Geprüft"
"08.05.1989 00:00:00";"31,39";"Geprüft"
"15.05.1989 00:00:00";"31,39";"Geprüft"
"22.05.1989 00:00:00";"31,38";"Geprüft"
"01.06.1989 00:00:00";"31,29";"Geprüft"
"08.06.1989 00:00:00";"31,18";"Geprüft"
"15.06.1989 00:00:00";"31,27";"Geprüft"
"22.06.1989 00:00:00";"31,1";"Geprüft"
"01.07.1989 00:00:00";"31,08";"Geprüft"
"08.07.1989 00:00:00";"31,13";"Geprüft"
"15.07.1989 00:00:00";"31,17";"Geprüft"
"22.07.1989 00:00:00";"31,21";"Geprüft"
"01.08.1989 00:00:00";"31,18";"Geprüft"
"08.08.1989 00:00:00";"31,02";"Geprüft"
"15.08.1989 00:00:00";"31,11";"Geprüft"
"22.08.1989 00:00:00";"31,06";"Geprüft"
"01.09.1989 00:00:00";"31,08";"Geprüft"
"08.09.1989 00:00:00";"31,08";"Geprüft"
"15.09.1989 00:00:00";"31,03";"Geprüft"
"22.09.1989 00:00:00";"31,04";"Geprüft"
"01.10.1989 00:00:00";"31,03";"Geprüft"
"08.10.1989 00:00:00";"31,05";"Geprüft"
"15.10.1989 00:00:00";"31,04";"Geprüft"
"22.10.1989 00:00:00";"31,03";"Geprüft"
"01.11.1989 00:00:00";"30,99";"Geprüft"
"08.11.1989 00:00:00";"30,98";"Geprüft"
"15.11.1989 00:00:00";"31,11";"Geprüft"
"22.11.1989 00:00:00";"31,01";"Geprüft"
"01.12.1989 00:00:00";"31,09";"Geprüft"
"08.12.1989 00:00:00";"31,02";"Geprüft"
"15.12.1989 00:00:00";"31,08";"Geprüft"
"22.12.1989 00:00:00";"31,07";"Geprüft"
"01.01.1990 00:00:00";"31,19";"Geprüft"
"08.01.1990 00:00:00";"31,19";"Geprüft"
"15.01.1990 00:00:00";"31,09";"Geprüft"
"22.01.1990 00:00:00";"31,15";"Geprüft"
"01.02.1990 00:00:00";"31,13";"Geprüft"
"08.02.1990 00:00:00";"31,15";"Geprüft"
"15.02.1990 00:00:00";"31,19";"Geprüft"
"22.02.1990 00:00:00";"31,13";"Geprüft"
"01.03.1990 00:00:00";"31,13";"Geprüft"
"08.03.1990 00:00:00";"31,11";"Geprüft"
"15.03.1990 00:00:00";"31,18";"Geprüft"
"22.03.1990 00:00:00";"31,22";"Geprüft"
"01.04.1990 00:00:00";"31,22";"Geprüft"
"08.04.1990 00:00:00";"31,22";"Geprüft"
"15.04.1990 00:00:00";"31,21";"Geprüft"
"22.04.1990 00:00:00";"31,21";"Geprüft"
"01.05.1990 00:00:00";"31,17";"Geprüft"
"08.05.1990 00:00:00";"31,14";"Geprüft"
"15.05.1990 00:00:00";"31,12";"Geprüft"
"22.05.1990 00:00:00";"31,11";"Geprüft"
"01.06.1990 00:00:00";"31,1";"Geprüft"
"08.06.1990 00:00:00";"31,13";"Geprüft"
"15.06.1990 00:00:00";"31,21";"Geprüft"
"22.06.1990 00:00:00";"31,27";"Geprüft"
"01.07.1990 00:00:00";"31,27";"Geprüft"
"08.07.1990 00:00:00";"31,29";"Geprüft"
"15.07.1990 00:00:00";"31,31";"Geprüft"
"22.07.1990 00:00:00";"31,31";"Geprüft"
"01.08.1990 00:00:00";"31,25";"Geprüft"
"08.08.1990 00:00:00";"31,17";"Geprüft"
"15.08.1990 00:00:00";"31,19";"Geprüft"
"22.08.1990 00:00:00";"31,18";"Geprüft"
"01.09.1990 00:00:00";"31,17";"Geprüft"
"08.09.1990 00:00:00";"31,17";"Geprüft"
"15.09.1990 00:00:00";"31,18";"Geprüft"
"22.09.1990 00:00:00";"31,18";"Geprüft"
"01.10.1990 00:00:00";"31,16";"Geprüft"
"08.10.1990 00:00:00";"31,14";"Geprüft"
"15.10.1990 00:00:00";"31,12";"Geprüft"
"22.10.1990 00:00:00";"31,1";"Geprüft"
"01.11.1990 00:00:00";"31,12";"Geprüft"
"08.11.1990 00:00:00";"31,11";"Geprüft"
"15.11.1990 00:00:00";"31,09";"Geprüft"
"22.11.1990 00:00:00";"31,1";"Geprüft"
"01.12.1990 00:00:00";"31,1";"Geprüft"
"08.12.1990 00:00:00";"31,11";"Geprüft"
"15.12.1990 00:00:00";"31,14";"Geprüft"
"22.12.1990 00:00:00";"31,16";"Geprüft"
"01.01.1991 00:00:00";"31,19";"Geprüft"
"08.01.1991 00:00:00";"31,22";"Geprüft"
"15.01.1991 00:00:00";"31,26";"Geprüft"
"22.01.1991 00:00:00";"31,3";"Geprüft"
"01.02.1991 00:00:00";"31,3";"Geprüft"
"08.02.1991 00:00:00";"31,3";"Geprüft"
"15.02.1991 00:00:00";"31,3";"Geprüft"
"22.02.1991 00:00:00";"31,29";"Geprüft"
"01.03.1991 00:00:00";"31,3";"Geprüft"
"08.03.1991 00:00:00";"31,35";"Geprüft"
"15.03.1991 00:00:00";"31,39";"Geprüft"
"22.03.1991 00:00:00";"31,45";"Geprüft"
"01.04.1991 00:00:00";"31,43";"Geprüft"
"08.04.1991 00:00:00";"31,42";"Geprüft"
"15.04.1991 00:00:00";"31,39";"Geprüft"
"22.04.1991 00:00:00";"31,35";"Geprüft"
"01.05.1991 00:00:00";"31,35";"Geprüft"
"08.05.1991 00:00:00";"31,35";"Geprüft"
"15.05.1991 00:00:00";"31,35";"Geprüft"
"22.05.1991 00:00:00";"31,35";"Geprüft"
"01.06.1991 00:00:00";"31,35";"Geprüft"
"08.06.1991 00:00:00";"31,32";"Geprüft"
"15.06.1991 00:00:00";"31,3";"Geprüft"
"22.06.1991 00:00:00";"31,28";"Geprüft"
"01.07.1991 00:00:00";"31,28";"Geprüft"
"08.07.1991 00:00:00";"31,23";"Geprüft"
"15.07.1991 00:00:00";"31,2";"Geprüft"
"22.07.1991 00:00:00";"31,18";"Geprüft"
"01.08.1991 00:00:00";"31,18";"Geprüft"
"08.08.1991 00:00:00";"31,17";"Geprüft"
"15.08.1991 00:00:00";"31,16";"Geprüft"
"22.08.1991 00:00:00";"31,15";"Geprüft"
"01.09.1991 00:00:00";"31,15";"Geprüft"
"08.09.1991 00:00:00";"31,07";"Geprüft"
"15.09.1991 00:00:00";"31,05";"Geprüft"
"22.09.1991 00:00:00";"31";"Geprüft"
"01.10.1991 00:00:00";"31";"Geprüft"
"08.10.1991 00:00:00";"30,99";"Geprüft"
"15.10.1991 00:00:00";"30,98";"Geprüft"
"22.10.1991 00:00:00";"30,98";"Geprüft"
"01.11.1991 00:00:00";"30,98";"Geprüft"
"08.11.1991 00:00:00";"30,98";"Geprüft"
"15.11.1991 00:00:00";"30,96";"Geprüft"
"22.11.1991 00:00:00";"30,96";"Geprüft"
"01.12.1991 00:00:00";"30,96";"Geprüft"
"08.12.1991 00:00:00";"30,96";"Geprüft"
"15.12.1991 00:00:00";"30,96";"Geprüft"
"22.12.1991 00:00:00";"30,96";"Geprüft"
"01.01.1992 00:00:00";"30,96";"Geprüft"
"08.01.1992 00:00:00";"30,98";"Geprüft"
"15.01.1992 00:00:00";"30,99";"Geprüft"
"22.01.1992 00:00:00";"31,01";"Geprüft"
"01.02.1992 00:00:00";"31,01";"Geprüft"
"08.02.1992 00:00:00";"31,02";"Geprüft"
"15.02.1992 00:00:00";"31,04";"Geprüft"
"22.02.1992 00:00:00";"31,05";"Geprüft"
"01.03.1992 00:00:00";"31,07";"Geprüft"
"08.03.1992 00:00:00";"31,09";"Geprüft"
"15.03.1992 00:00:00";"31,11";"Geprüft"
"22.03.1992 00:00:00";"31,12";"Geprüft"
"01.04.1992 00:00:00";"31,15";"Geprüft"
"08.04.1992 00:00:00";"31,18";"Geprüft"
"15.04.1992 00:00:00";"31,23";"Geprüft"
"22.04.1992 00:00:00";"31,27";"Geprüft"
"01.05.1992 00:00:00";"31,27";"Geprüft"
"08.05.1992 00:00:00";"31,25";"Geprüft"
"15.05.1992 00:00:00";"31,24";"Geprüft"
"22.05.1992 00:00:00";"31,24";"Geprüft"
"01.06.1992 00:00:00";"31,2";"Geprüft"
"08.06.1992 00:00:00";"31,18";"Geprüft"
"15.06.1992 00:00:00";"31,09";"Geprüft"
"22.06.1992 00:00:00";"31,06";"Geprüft"
"01.07.1992 00:00:00";"31,05";"Geprüft"
"08.07.1992 00:00:00";"31,03";"Geprüft"
"15.07.1992 00:00:00";"31,02";"Geprüft"
"22.07.1992 00:00:00";"31,03";"Geprüft"
"01.08.1992 00:00:00";"31,01";"Geprüft"
"08.08.1992 00:00:00";"30,98";"Geprüft"
"15.08.1992 00:00:00";"30,95";"Geprüft"
"22.08.1992 00:00:00";"30,93";"Geprüft"
"01.09.1992 00:00:00";"30,93";"Geprüft"
"08.09.1992 00:00:00";"30,93";"Geprüft"
"15.09.1992 00:00:00";"30,9";"Geprüft"
"22.09.1992 00:00:00";"30,88";"Geprüft"
"01.10.1992 00:00:00";"30,88";"Geprüft"
"08.10.1992 00:00:00";"30,88";"Geprüft"
"15.10.1992 00:00:00";"30,85";"Geprüft"
"22.10.1992 00:00:00";"30,86";"Geprüft"
"01.11.1992 00:00:00";"30,85";"Geprüft"
"08.11.1992 00:00:00";"30,84";"Geprüft"
"15.11.1992 00:00:00";"30,82";"Geprüft"
"22.11.1992 00:00:00";"30,83";"Geprüft"
"01.12.1992 00:00:00";"30,83";"Geprüft"
"08.12.1992 00:00:00";"30,85";"Geprüft"
"15.12.1992 00:00:00";"30,88";"Geprüft"
"22.12.1992 00:00:00";"30,91";"Geprüft"
"01.01.1993 00:00:00";"30,93";"Geprüft"
"08.01.1993 00:00:00";"30,97";"Geprüft"
"15.01.1993 00:00:00";"31,02";"Geprüft"
"22.01.1993 00:00:00";"31,03";"Geprüft"
"01.02.1993 00:00:00";"31,04";"Geprüft"
"08.02.1993 00:00:00";"31,05";"Geprüft"
"15.02.1993 00:00:00";"31,07";"Geprüft"
"22.02.1993 00:00:00";"31,07";"Geprüft"
"01.03.1993 00:00:00";"31,06";"Geprüft"
"08.03.1993 00:00:00";"31,08";"Geprüft"
"15.03.1993 00:00:00";"31,07";"Geprüft"
"22.03.1993 00:00:00";"31,1";"Geprüft"
"01.04.1993 00:00:00";"31,11";"Geprüft"
"08.04.1993 00:00:00";"31,09";"Geprüft"
"15.04.1993 00:00:00";"31,08";"Geprüft"
"22.04.1993 00:00:00";"31,08";"Geprüft"
"01.05.1993 00:00:00";"31,07";"Geprüft"
"08.05.1993 00:00:00";"31,06";"Geprüft"
"15.05.1993 00:00:00";"31,05";"Geprüft"
"22.05.1993 00:00:00";"31,03";"Geprüft"
"01.06.1993 00:00:00";"31,03";"Geprüft"
"08.06.1993 00:00:00";"31,05";"Geprüft"
"15.06.1993 00:00:00";"31,13";"Geprüft"
"22.06.1993 00:00:00";"31,13";"Geprüft"
"01.07.1993 00:00:00";"31,13";"Geprüft"
"08.07.1993 00:00:00";"31,12";"Geprüft"
"15.07.1993 00:00:00";"31,14";"Geprüft"
"22.07.1993 00:00:00";"31,14";"Geprüft"
"01.08.1993 00:00:00";"31,14";"Geprüft"
"08.08.1993 00:00:00";"31,13";"Geprüft"
"15.08.1993 00:00:00";"31,11";"Geprüft"
"22.08.1993 00:00:00";"31,09";"Geprüft"
"01.09.1993 00:00:00";"31,09";"Geprüft"
"08.09.1993 00:00:00";"31,08";"Geprüft"
"15.09.1993 00:00:00";"31,07";"Geprüft"
"22.09.1993 00:00:00";"31,08";"Geprüft"
"01.10.1993 00:00:00";"31,08";"Geprüft"
"08.10.1993 00:00:00";"31,07";"Geprüft"
"15.10.1993 00:00:00";"31,05";"Geprüft"
"22.10.1993 00:00:00";"31,05";"Geprüft"
"01.11.1993 00:00:00";"31,04";"Geprüft"
"08.11.1993 00:00:00";"31,05";"Geprüft"
"15.11.1993 00:00:00";"31,06";"Geprüft"
"22.11.1993 00:00:00";"31,06";"Geprüft"
"01.12.1993 00:00:00";"31,07";"Geprüft"
"08.12.1993 00:00:00";"31,09";"Geprüft"
"15.12.1993 00:00:00";"31,1";"Geprüft"
"22.12.1993 00:00:00";"31,1";"Geprüft"
"01.01.1994 00:00:00";"31,11";"Geprüft"
"08.01.1994 00:00:00";"31,15";"Geprüft"
"15.01.1994 00:00:00";"31,21";"Geprüft"
"22.01.1994 00:00:00";"31,24";"Geprüft"
"01.02.1994 00:00:00";"31,26";"Geprüft"
"08.02.1994 00:00:00";"31,29";"Geprüft"
"15.02.1994 00:00:00";"31,32";"Geprüft"
"22.02.1994 00:00:00";"31,36";"Geprüft"
"01.03.1994 00:00:00";"31,38";"Geprüft"
"08.03.1994 00:00:00";"31,39";"Geprüft"
"15.03.1994 00:00:00";"31,41";"Geprüft"
"22.03.1994 00:00:00";"31,42";"Geprüft"
"01.04.1994 00:00:00";"31,5";"Geprüft"
"08.04.1994 00:00:00";"31,51";"Geprüft"
"15.04.1994 00:00:00";"31,51";"Geprüft"
"22.04.1994 00:00:00";"31,67";"Geprüft"
"01.05.1994 00:00:00";"31,68";"Geprüft"
"08.05.1994 00:00:00";"31,68";"Geprüft"
"15.05.1994 00:00:00";"31,67";"Geprüft"
"22.05.1994 00:00:00";"31,75";"Geprüft"
"01.06.1994 00:00:00";"31,7";"Geprüft"
"08.06.1994 00:00:00";"31,67";"Geprüft"
"15.06.1994 00:00:00";"31,61";"Geprüft"
"22.06.1994 00:00:00";"31,57";"Geprüft"
"01.07.1994 00:00:00";"31,52";"Geprüft"
"08.07.1994 00:00:00";"31,55";"Geprüft"
"15.07.1994 00:00:00";"31,5";"Geprüft"
"22.07.1994 00:00:00";"31,38";"Geprüft"
"01.08.1994 00:00:00";"31,26";"Geprüft"
"08.08.1994 00:00:00";"31,16";"Geprüft"
"15.08.1994 00:00:00";"31,1";"Geprüft"
"01.11.1995 00:00:00";"30,85";"Geprüft"
"08.11.1995 00:00:00";"30,89";"Geprüft"
"15.11.1995 00:00:00";"30,89";"Geprüft"
"22.11.1995 00:00:00";"30,89";"Geprüft"
"01.12.1995 00:00:00";"30,88";"Geprüft"
"08.12.1995 00:00:00";"30,88";"Geprüft"
"15.12.1995 00:00:00";"30,87";"Geprüft"
"22.12.1995 00:00:00";"30,87";"Geprüft"
"01.01.1996 00:00:00";"30,88";"Geprüft"
"08.01.1996 00:00:00";"30,9";"Geprüft"
"15.01.1996 00:00:00";"30,9";"Geprüft"
"22.01.1996 00:00:00";"30,89";"Geprüft"
"01.02.1996 00:00:00";"30,89";"Geprüft"
"08.02.1996 00:00:00";"30,87";"Geprüft"
"15.02.1996 00:00:00";"30,86";"Geprüft"
"22.02.1996 00:00:00";"30,89";"Geprüft"
"01.03.1996 00:00:00";"30,89";"Geprüft"
"08.03.1996 00:00:00";"30,89";"Geprüft"
"15.03.1996 00:00:00";"30,9";"Geprüft"
"22.03.1996 00:00:00";"30,89";"Geprüft"
"01.04.1996 00:00:00";"30,9";"Geprüft"
"08.04.1996 00:00:00";"30,89";"Geprüft"
"15.04.1996 00:00:00";"30,89";"Geprüft"
"22.04.1996 00:00:00";"30,9";"Geprüft"
"01.05.1996 00:00:00";"30,91";"Geprüft"
"08.05.1996 00:00:00";"30,93";"Geprüft"
"15.05.1996 00:00:00";"30,95";"Geprüft"
"22.05.1996 00:00:00";"30,97";"Geprüft"
"01.06.1996 00:00:00";"30,95";"Geprüft"
"08.06.1996 00:00:00";"31";"Geprüft"
"15.06.1996 00:00:00";"31,01";"Geprüft"
"22.06.1996 00:00:00";"30,98";"Geprüft"
"01.07.1996 00:00:00";"30,99";"Geprüft"
"08.07.1996 00:00:00";"30,99";"Geprüft"
"08.08.1996 00:00:00";"30,92";"Geprüft"
"15.08.1996 00:00:00";"30,91";"Geprüft"
"22.08.1996 00:00:00";"30,9";"Geprüft"
"01.09.1996 00:00:00";"30,9";"Geprüft"
"08.09.1996 00:00:00";"30,88";"Geprüft"
"15.09.1996 00:00:00";"30,87";"Geprüft"
"22.09.1996 00:00:00";"30,84";"Geprüft"
"01.10.1996 00:00:00";"30,83";"Geprüft"
"08.10.1996 00:00:00";"30,83";"Geprüft"
"15.10.1996 00:00:00";"30,79";"Geprüft"
"22.10.1996 00:00:00";"30,76";"Geprüft"
"01.11.1996 00:00:00";"30,76";"Geprüft"
"08.11.1996 00:00:00";"30,74";"Geprüft"
"15.11.1996 00:00:00";"30,71";"Geprüft"
"22.11.1996 00:00:00";"30,68";"Geprüft"
"01.12.1996 00:00:00";"30,69";"Geprüft"
"08.12.1996 00:00:00";"30,71";"Geprüft"
"15.12.1996 00:00:00";"30,72";"Geprüft"
"22.12.1996 00:00:00";"30,73";"Geprüft"
"01.01.1997 00:00:00";"30,72";"Geprüft"
"08.01.1997 00:00:00";"30,71";"Geprüft"
"15.01.1997 00:00:00";"30,72";"Geprüft"
"22.01.1997 00:00:00";"30,73";"Geprüft"
"01.02.1997 00:00:00";"30,73";"Geprüft"
"08.02.1997 00:00:00";"30,73";"Geprüft"
"15.02.1997 00:00:00";"30,74";"Geprüft"
"22.02.1997 00:00:00";"30,75";"Geprüft"
"01.03.1997 00:00:00";"30,73";"Geprüft"
"08.03.1997 00:00:00";"30,69";"Geprüft"
"15.03.1997 00:00:00";"30,63";"Geprüft"
"22.03.1997 00:00:00";"30,61";"Geprüft"
"01.04.1997 00:00:00";"30,6";"Geprüft"
"08.04.1997 00:00:00";"30,61";"Geprüft"
"15.04.1997 00:00:00";"30,62";"Geprüft"
"22.04.1997 00:00:00";"30,62";"Geprüft"
"01.05.1997 00:00:00";"30,63";"Geprüft"
"08.05.1997 00:00:00";"30,63";"Geprüft"
"15.05.1997 00:00:00";"30,62";"Geprüft"
"22.05.1997 00:00:00";"30,63";"Geprüft"
"01.06.1997 00:00:00";"30,63";"Geprüft"
"08.06.1997 00:00:00";"30,63";"Geprüft"
"15.06.1997 00:00:00";"30,62";"Geprüft"
"22.06.1997 00:00:00";"30,61";"Geprüft"
"01.07.1997 00:00:00";"30,62";"Geprüft"
"08.07.1997 00:00:00";"30,66";"Geprüft"
"15.07.1997 00:00:00";"30,68";"Geprüft"
"22.07.1997 00:00:00";"30,74";"Geprüft"
"01.08.1997 00:00:00";"30,73";"Geprüft"
"08.08.1997 00:00:00";"30,72";"Geprüft"
"15.08.1997 00:00:00";"30,69";"Geprüft"
"22.08.1997 00:00:00";"30,69";"Geprüft"
"01.09.1997 00:00:00";"30,69";"Geprüft"
"08.09.1997 00:00:00";"30,69";"Geprüft"
"15.09.1997 00:00:00";"30,69";"Geprüft"
"22.09.1997 00:00:00";"30,68";"Geprüft"
"01.10.1997 00:00:00";"30,67";"Geprüft"
"08.10.1997 00:00:00";"30,66";"Geprüft"
"15.10.1997 00:00:00";"30,66";"Geprüft"
"22.10.1997 00:00:00";"30,64";"Geprüft"
"01.11.1997 00:00:00";"30,64";"Geprüft"
"08.11.1997 00:00:00";"30,66";"Geprüft"
"15.11.1997 00:00:00";"30,66";"Geprüft"
"22.11.1997 00:00:00";"30,66";"Geprüft"
"01.12.1997 00:00:00";"30,66";"Geprüft"
"08.12.1997 00:00:00";"30,71";"Geprüft"
"15.12.1997 00:00:00";"30,74";"Geprüft"
"22.12.1997 00:00:00";"30,78";"Geprüft"
"01.01.1998 00:00:00";"30,8";"Geprüft"
"08.01.1998 00:00:00";"30,82";"Geprüft"
"15.01.1998 00:00:00";"30,83";"Geprüft"
"22.01.1998 00:00:00";"30,84";"Geprüft"
"01.02.1998 00:00:00";"30,84";"Geprüft"
"08.02.1998 00:00:00";"30,86";"Geprüft"
"15.02.1998 00:00:00";"30,86";"Geprüft"
"22.02.1998 00:00:00";"30,88";"Geprüft"
"01.03.1998 00:00:00";"30,94";"Geprüft"
"08.03.1998 00:00:00";"31";"Geprüft"
"15.03.1998 00:00:00";"31,08";"Geprüft"
"22.03.1998 00:00:00";"31,21";"Geprüft"
"01.01.1999 00:00:00";"30,82";"Geprüft"
"08.01.1999 00:00:00";"30,85";"Geprüft"
"15.01.1999 00:00:00";"30,86";"Geprüft"
"22.01.1999 00:00:00";"30,86";"Geprüft"
"01.02.1999 00:00:00";"30,88";"Geprüft"
"08.02.1999 00:00:00";"30,89";"Geprüft"
"15.02.1999 00:00:00";"30,9";"Geprüft"
"22.02.1999 00:00:00";"30,92";"Geprüft"
"01.03.1999 00:00:00";"30,94";"Geprüft"
"08.03.1999 00:00:00";"30,96";"Geprüft"
"15.03.1999 00:00:00";"31";"Geprüft"
"22.03.1999 00:00:00";"31,04";"Geprüft"
"01.04.1999 00:00:00";"31,05";"Geprüft"
"08.04.1999 00:00:00";"31,06";"Geprüft"
"15.04.1999 00:00:00";"31,08";"Geprüft"
"22.04.1999 00:00:00";"31,09";"Geprüft"
"01.05.1999 00:00:00";"31,09";"Geprüft"
"08.05.1999 00:00:00";"31,08";"Geprüft"
"15.05.1999 00:00:00";"31,07";"Geprüft"
"22.05.1999 00:00:00";"31,07";"Geprüft"
"01.06.1999 00:00:00";"31,07";"Geprüft"
"08.06.1999 00:00:00";"31,04";"Geprüft"
"15.06.1999 00:00:00";"31,03";"Geprüft"
"22.06.1999 00:00:00";"31,03";"Geprüft"
"01.07.1999 00:00:00";"31,02";"Geprüft"
"08.07.1999 00:00:00";"30,98";"Geprüft"
"15.07.1999 00:00:00";"30,93";"Geprüft"
"22.07.1999 00:00:00";"30,9";"Geprüft"
"01.08.1999 00:00:00";"30,89";"Geprüft"
"08.08.1999 00:00:00";"30,88";"Geprüft"
"15.08.1999 00:00:00";"30,85";"Geprüft"
"22.08.1999 00:00:00";"30,83";"Geprüft"
"01.09.1999 00:00:00";"30,8";"Geprüft"
"08.09.1999 00:00:00";"30,79";"Geprüft"
"15.09.1999 00:00:00";"30,76";"Geprüft"
"22.09.1999 00:00:00";"30,75";"Geprüft"
"01.10.1999 00:00:00";"30,75";"Geprüft"
"08.10.1999 00:00:00";"30,73";"Geprüft"
"15.10.1999 00:00:00";"30,73";"Geprüft"
"22.10.1999 00:00:00";"30,72";"Geprüft"
"01.11.1999 00:00:00";"30,72";"Geprüft"
"08.11.1999 00:00:00";"30,71";"Geprüft"
"15.11.1999 00:00:00";"30,71";"Geprüft"
"22.11.1999 00:00:00";"30,7";"Geprüft"
"01.12.1999 00:00:00";"30,69";"Geprüft"
"08.12.1999 00:00:00";"30,68";"Geprüft"
"15.12.1999 00:00:00";"30,67";"Geprüft"
"22.12.1999 00:00:00";"30,67";"Geprüft"
"01.01.2000 00:00:00";"30,69";"Geprüft"
"08.01.2000 00:00:00";"30,7";"Geprüft"
"15.01.2000 00:00:00";"30,72";"Geprüft"
"22.01.2000 00:00:00";"30,72";"Geprüft"
"01.02.2000 00:00:00";"30,74";"Geprüft"
"08.02.2000 00:00:00";"30,77";"Geprüft"
"15.02.2000 00:00:00";"30,79";"Geprüft"
"22.02.2000 00:00:00";"30,8";"Geprüft"
"01.03.2000 00:00:00";"30,83";"Geprüft"
"08.03.2000 00:00:00";"30,87";"Geprüft"
"15.03.2000 00:00:00";"30,9";"Geprüft"
"21.03.2000 00:00:00";"30,9";"Geprüft"
"27.03.2000 00:00:00";"30,93";"Geprüft"
"03.04.2000 00:00:00";"30,96";"Geprüft"
"10.04.2000 00:00:00";"30,96";"Geprüft"
"17.04.2000 00:00:00";"30,98";"Geprüft"
"25.04.2000 00:00:00";"30,98";"Geprüft"
"02.05.2000 00:00:00";"30,98";"Geprüft"
"08.05.2000 00:00:00";"30,96";"Geprüft"
"15.05.2000 00:00:00";"30,97";"Geprüft"
"22.05.2000 00:00:00";"30,98";"Geprüft"
"29.05.2000 00:00:00";"30,96";"Geprüft"
"05.06.2000 00:00:00";"30,94";"Geprüft"
"13.06.2000 00:00:00";"30,87";"Geprüft"
"19.06.2000 00:00:00";"30,83";"Geprüft"
"26.06.2000 00:00:00";"30,83";"Geprüft"
"03.07.2000 00:00:00";"30,81";"Geprüft"
"10.07.2000 00:00:00";"30,81";"Geprüft"
"17.07.2000 00:00:00";"30,78";"Geprüft"
"24.07.2000 00:00:00";"30,79";"Geprüft"
"31.07.2000 00:00:00";"30,77";"Geprüft"
"08.08.2000 00:00:00";"30,76";"Geprüft"
"14.08.2000 00:00:00";"30,72";"Geprüft"
"21.08.2000 00:00:00";"30,78";"Geprüft"
"28.08.2000 00:00:00";"30,79";"Geprüft"
"04.09.2000 00:00:00";"30,84";"Geprüft"
"11.09.2000 00:00:00";"30,88";"Geprüft"
"18.09.2000 00:00:00";"30,89";"Geprüft"
"25.09.2000 00:00:00";"30,89";"Geprüft"
"04.10.2000 00:00:00";"30,88";"Geprüft"
"09.10.2000 00:00:00";"30,89";"Geprüft"
"16.10.2000 00:00:00";"30,88";"Geprüft"
"23.10.2000 00:00:00";"30,85";"Geprüft"
"01.11.2000 00:00:00";"30,85";"Geprüft"
"06.11.2000 00:00:00";"30,85";"Geprüft"
"13.11.2000 00:00:00";"30,83";"Geprüft"
"20.11.2000 00:00:00";"30,82";"Geprüft"
"27.11.2000 00:00:00";"30,8";"Geprüft"
"04.12.2000 00:00:00";"30,8";"Geprüft"
"11.12.2000 00:00:00";"30,79";"Geprüft"
"18.12.2000 00:00:00";"30,78";"Geprüft"
"27.12.2000 00:00:00";"30,81";"Geprüft"
"03.01.2001 00:00:00";"30,79";"Geprüft"
"08.01.2001 00:00:00";"30,79";"Geprüft"
"15.01.2001 00:00:00";"30,78";"Geprüft"
"22.01.2001 00:00:00";"30,78";"Geprüft"
"29.01.2001 00:00:00";"30,8";"Geprüft"
"05.02.2001 00:00:00";"30,85";"Geprüft"
"12.02.2001 00:00:00";"30,85";"Geprüft"
"19.02.2001 00:00:00";"30,85";"Geprüft"
"27.02.2001 00:00:00";"30,88";"Geprüft"
"05.03.2001 00:00:00";"30,87";"Geprüft"
"12.03.2001 00:00:00";"30,92";"Geprüft"
"19.03.2001 00:00:00";"30,92";"Geprüft"
"26.03.2001 00:00:00";"30,93";"Geprüft"
"02.04.2001 00:00:00";"30,96";"Geprüft"
"09.04.2001 00:00:00";"30,97";"Geprüft"
"17.04.2001 00:00:00";"30,99";"Geprüft"
"23.04.2001 00:00:00";"31,01";"Geprüft"
"02.05.2001 00:00:00";"31";"Geprüft"
"07.05.2001 00:00:00";"31,02";"Geprüft"
"14.05.2001 00:00:00";"31,03";"Geprüft"
"22.05.2001 00:00:00";"31,01";"Geprüft"
"28.05.2001 00:00:00";"30,99";"Geprüft"
"05.06.2001 00:00:00";"31,01";"Geprüft"
"11.06.2001 00:00:00";"31,01";"Geprüft"
"19.06.2001 00:00:00";"30,99";"Geprüft"
"25.06.2001 00:00:00";"30,98";"Geprüft"
"02.07.2001 00:00:00";"30,94";"Geprüft"
"09.07.2001 00:00:00";"30,94";"Geprüft"
"16.07.2001 00:00:00";"30,95";"Geprüft"
"23.07.2001 00:00:00";"30,92";"Geprüft"
"30.07.2001 00:00:00";"30,89";"Geprüft"
"06.08.2001 00:00:00";"30,89";"Geprüft"
"13.08.2001 00:00:00";"30,89";"Geprüft"
"20.08.2001 00:00:00";"30,86";"Geprüft"
"27.08.2001 00:00:00";"30,84";"Geprüft"
"03.09.2001 00:00:00";"30,82";"Geprüft"
"10.09.2001 00:00:00";"30,84";"Geprüft"
"17.09.2001 00:00:00";"30,87";"Geprüft"
"25.09.2001 00:00:00";"30,89";"Geprüft"
"01.10.2001 00:00:00";"30,94";"Geprüft"
"08.10.2001 00:00:00";"30,97";"Geprüft"
"15.10.2001 00:00:00";"30,99";"Geprüft"
"22.10.2001 00:00:00";"30,99";"Geprüft"
"01.11.2001 00:00:00";"30,98";"Geprüft"
"05.11.2001 00:00:00";"30,99";"Geprüft"
"13.11.2001 00:00:00";"30,98";"Geprüft"
"19.11.2001 00:00:00";"30,97";"Geprüft"
"27.11.2001 00:00:00";"30,97";"Geprüft"
"03.12.2001 00:00:00";"30,95";"Geprüft"
"11.12.2001 00:00:00";"30,97";"Geprüft"
"18.12.2001 00:00:00";"30,96";"Geprüft"
"02.01.2002 00:00:00";"30,98";"Geprüft"
"07.01.2002 00:00:00";"31,01";"Geprüft"
"14.01.2002 00:00:00";"31,02";"Geprüft"
"21.01.2002 00:00:00";"31,03";"Geprüft"
"28.01.2002 00:00:00";"31,04";"Geprüft"
"04.02.2002 00:00:00";"31,05";"Geprüft"
"11.02.2002 00:00:00";"31,08";"Geprüft"
"18.02.2002 00:00:00";"31,09";"Geprüft"
"25.02.2002 00:00:00";"31,11";"Geprüft"
"04.03.2002 00:00:00";"31,14";"Geprüft"
"11.03.2002 00:00:00";"31,18";"Geprüft"
"18.03.2002 00:00:00";"31,22";"Geprüft"
"25.03.2002 00:00:00";"31,23";"Geprüft"
"02.04.2002 00:00:00";"31,24";"Geprüft"
"08.04.2002 00:00:00";"31,25";"Geprüft"
"15.04.2002 00:00:00";"31,26";"Geprüft"
"22.04.2002 00:00:00";"31,25";"Geprüft"
"29.04.2002 00:00:00";"31,3";"Geprüft"
"06.05.2002 00:00:00";"31,28";"Geprüft"
"13.05.2002 00:00:00";"31,29";"Geprüft"
"21.05.2002 00:00:00";"31,3";"Geprüft"
"27.05.2002 00:00:00";"31,34";"Geprüft"
"03.06.2002 00:00:00";"31,38";"Geprüft"
"10.06.2002 00:00:00";"31,39";"Geprüft"
"17.06.2002 00:00:00";"31,39";"Geprüft"
"24.06.2002 00:00:00";"31,37";"Geprüft"
"03.07.2002 00:00:00";"31,33";"Geprüft"
"08.07.2002 00:00:00";"31,3";"Geprüft"
"15.07.2002 00:00:00";"31,29";"Geprüft"
"22.07.2002 00:00:00";"31,28";"Geprüft"
"29.07.2002 00:00:00";"31,2";"Geprüft"
"05.08.2002 00:00:00";"31,21";"Geprüft"
"12.08.2002 00:00:00";"31,27";"Geprüft"
"22.08.2002 00:00:00";"31,43";"Geprüft"
"28.08.2002 00:00:00";"31,43";"Geprüft"
"02.09.2002 00:00:00";"31,38";"Geprüft"
"09.09.2002 00:00:00";"31,34";"Geprüft"
"16.09.2002 00:00:00";"31,29";"Geprüft"
"24.09.2002 00:00:00";"31,31";"Geprüft"
"30.09.2002 00:00:00";"31,3";"Geprüft"
"07.10.2002 00:00:00";"31,32";"Geprüft"
"14.10.2002 00:00:00";"31,32";"Geprüft"
"21.10.2002 00:00:00";"31,32";"Geprüft"
"28.10.2002 00:00:00";"31,3";"Geprüft"
"05.11.2002 00:00:00";"31,36";"Geprüft"
"11.11.2002 00:00:00";"31,42";"Geprüft"
"18.11.2002 00:00:00";"31,41";"Geprüft"
"25.11.2002 00:00:00";"31,44";"Geprüft"
"02.12.2002 00:00:00";"31,46";"Geprüft"
"09.12.2002 00:00:00";"31,43";"Geprüft"
"16.12.2002 00:00:00";"31,46";"Geprüft"
"23.12.2002 00:00:00";"31,43";"Geprüft"
"06.01.2003 00:00:00";"31,47";"Geprüft"
"14.01.2003 00:00:00";"31,48";"Geprüft"
"21.01.2003 00:00:00";"31,52";"Geprüft"
"27.01.2003 00:00:00";"31,51";"Geprüft"
"03.02.2003 00:00:00";"31,55";"Geprüft"
"10.02.2003 00:00:00";"31,52";"Geprüft"
"17.02.2003 00:00:00";"31,51";"Geprüft"
"24.02.2003 00:00:00";"31,52";"Geprüft"
"03.03.2003 00:00:00";"31,51";"Geprüft"
"10.03.2003 00:00:00";"31,49";"Geprüft"
"17.03.2003 00:00:00";"31,49";"Geprüft"
"24.03.2003 00:00:00";"31,46";"Geprüft"
"31.03.2003 00:00:00";"31,45";"Geprüft"
"07.04.2003 00:00:00";"31,46";"Geprüft"
"14.04.2003 00:00:00";"31,42";"Geprüft"
"22.04.2003 00:00:00";"31,38";"Geprüft"
"29.04.2003 00:00:00";"31,38";"Geprüft"
"05.05.2003 00:00:00";"31,35";"Geprüft"
"13.05.2003 00:00:00";"31,35";"Geprüft"
"19.05.2003 00:00:00";"31,34";"Geprüft"
"26.05.2003 00:00:00";"31,3";"Geprüft"
"02.06.2003 00:00:00";"31,27";"Geprüft"
"10.06.2003 00:00:00";"31,25";"Geprüft"
"16.06.2003 00:00:00";"31,23";"Geprüft"
"23.06.2003 00:00:00";"31,22";"Geprüft"
"30.06.2003 00:00:00";"31,19";"Geprüft"
"07.07.2003 00:00:00";"31,16";"Geprüft"
"14.07.2003 00:00:00";"31,12";"Geprüft"
"21.07.2003 00:00:00";"31,08";"Geprüft"
"28.07.2003 00:00:00";"31,07";"Geprüft"
"04.08.2003 00:00:00";"31,02";"Geprüft"
"11.08.2003 00:00:00";"30,99";"Geprüft"
"18.08.2003 00:00:00";"30,98";"Geprüft"
"25.08.2003 00:00:00";"30,95";"Geprüft"
"02.09.2003 00:00:00";"30,93";"Geprüft"
"08.09.2003 00:00:00";"30,93";"Geprüft"
"15.09.2003 00:00:00";"30,92";"Geprüft"
"22.09.2003 00:00:00";"30,9";"Geprüft"
"29.09.2003 00:00:00";"30,9";"Geprüft"
"06.10.2003 00:00:00";"30,9";"Geprüft"
"13.10.2003 00:00:00";"30,88";"Geprüft"
"21.10.2003 00:00:00";"30,89";"Geprüft"
"28.10.2003 00:00:00";"30,88";"Geprüft"
"03.11.2003 00:00:00";"30,88";"Geprüft"
"10.11.2003 00:00:00";"30,86";"Geprüft"
"17.11.2003 00:00:00";"30,86";"Geprüft"
"24.11.2003 00:00:00";"30,87";"Geprüft"
"01.12.2003 00:00:00";"30,86";"Geprüft"
"08.12.2003 00:00:00";"30,86";"Geprüft"
"15.12.2003 00:00:00";"30,88";"Geprüft"
"22.12.2003 00:00:00";"30,9";"Geprüft"
"29.12.2003 00:00:00";"30,9";"Geprüft"
"05.01.2004 00:00:00";"30,88";"Geprüft"
"12.01.2004 00:00:00";"30,9";"Geprüft"
"19.01.2004 00:00:00";"30,94";"Geprüft"
"26.01.2004 00:00:00";"30,96";"Geprüft"
"02.02.2004 00:00:00";"30,97";"Geprüft"
"09.02.2004 00:00:00";"30,99";"Geprüft"
"16.02.2004 00:00:00";"31,04";"Geprüft"
"23.02.2004 00:00:00";"31,07";"Geprüft"
"01.03.2004 00:00:00";"31,06";"Geprüft"
"08.03.2004 00:00:00";"31,08";"Geprüft"
"16.03.2004 00:00:00";"31,09";"Geprüft"
"22.03.2004 00:00:00";"31,09";"Geprüft"
"29.03.2004 00:00:00";"31,07";"Geprüft"
"05.04.2004 00:00:00";"31,03";"Geprüft"
"13.04.2004 00:00:00";"31,08";"Geprüft"
"19.04.2004 00:00:00";"31,08";"Geprüft"
"26.04.2004 00:00:00";"31,04";"Geprüft"
"03.05.2004 00:00:00";"31,03";"Geprüft"
"10.05.2004 00:00:00";"31,03";"Geprüft"
"17.05.2004 00:00:00";"31";"Geprüft"
"24.05.2004 00:00:00";"30,99";"Geprüft"
"01.06.2004 00:00:00";"30,96";"Geprüft"
"07.06.2004 00:00:00";"30,94";"Geprüft"
"14.06.2004 00:00:00";"30,93";"Geprüft"
"21.06.2004 00:00:00";"30,95";"Geprüft"
"28.06.2004 00:00:00";"30,93";"Geprüft"
"05.07.2004 00:00:00";"30,92";"Geprüft"
"12.07.2004 00:00:00";"30,9";"Geprüft"
"19.07.2004 00:00:00";"30,91";"Geprüft"
"26.07.2004 00:00:00";"30,92";"Geprüft"
"02.08.2004 00:00:00";"30,91";"Geprüft"
"09.08.2004 00:00:00";"30,85";"Geprüft"
"16.08.2004 00:00:00";"30,85";"Geprüft"
"23.08.2004 00:00:00";"30,84";"Geprüft"
"30.08.2004 00:00:00";"30,87";"Geprüft"
"06.09.2004 00:00:00";"30,85";"Geprüft"
"13.09.2004 00:00:00";"30,83";"Geprüft"
"20.09.2004 00:00:00";"30,81";"Geprüft"
"27.09.2004 00:00:00";"30,83";"Geprüft"
"04.10.2004 00:00:00";"30,81";"Geprüft"
"11.10.2004 00:00:00";"30,78";"Geprüft"
"18.10.2004 00:00:00";"30,81";"Geprüft"
"25.10.2004 00:00:00";"30,79";"Geprüft"
"01.11.2004 00:00:00";"30,79";"Geprüft"
"08.11.2004 00:00:00";"30,79";"Geprüft"
"15.11.2004 00:00:00";"30,8";"Geprüft"
"22.11.2004 00:00:00";"30,86";"Geprüft"
"29.11.2004 00:00:00";"30,86";"Geprüft"
"06.12.2004 00:00:00";"30,87";"Geprüft"
"13.12.2004 00:00:00";"30,87";"Geprüft"
"20.12.2004 00:00:00";"30,87";"Geprüft"
"03.01.2005 00:00:00";"30,89";"Geprüft"
"10.01.2005 00:00:00";"30,91";"Geprüft"
"18.01.2005 00:00:00";"30,94";"Geprüft"
"24.01.2005 00:00:00";"30,94";"Geprüft"
"31.01.2005 00:00:00";"30,97";"Geprüft"
"07.02.2005 00:00:00";"30,96";"Geprüft"
"15.02.2005 00:00:00";"30,99";"Geprüft"
"21.02.2005 00:00:00";"31,02";"Geprüft"
"28.02.2005 00:00:00";"31,03";"Geprüft"
"07.03.2005 00:00:00";"31,04";"Geprüft"
"14.03.2005 00:00:00";"31,05";"Geprüft"
"21.03.2005 00:00:00";"31,07";"Geprüft"
"29.03.2005 00:00:00";"31,07";"Geprüft"
"04.04.2005 00:00:00";"31,05";"Geprüft"
"11.04.2005 00:00:00";"31,05";"Geprüft"
"18.04.2005 00:00:00";"31,05";"Geprüft"
"25.04.2005 00:00:00";"31,03";"Geprüft"
"02.05.2005 00:00:00";"31";"Geprüft"
"09.05.2005 00:00:00";"31,02";"Geprüft"
"17.05.2005 00:00:00";"31,06";"Geprüft"
"23.05.2005 00:00:00";"31,07";"Geprüft"
"30.05.2005 00:00:00";"31,04";"Geprüft"
"06.06.2005 00:00:00";"31,04";"Geprüft"
"14.06.2005 00:00:00";"31,05";"Geprüft"
"20.06.2005 00:00:00";"30,98";"Geprüft"
"27.06.2005 00:00:00";"30,94";"Geprüft"
"04.07.2005 00:00:00";"30,92";"Geprüft"
"11.07.2005 00:00:00";"30,95";"Geprüft"
"18.07.2005 00:00:00";"30,91";"Geprüft"
"25.07.2005 00:00:00";"30,98";"Geprüft"
"01.08.2005 00:00:00";"31,04";"Geprüft"
"08.08.2005 00:00:00";"31,1";"Geprüft"
"15.08.2005 00:00:00";"31,12";"Geprüft"
"22.08.2005 00:00:00";"31,11";"Geprüft"
"29.08.2005 00:00:00";"31,09";"Geprüft"
"05.09.2005 00:00:00";"31,06";"Geprüft"
"12.09.2005 00:00:00";"31,01";"Geprüft"
"19.09.2005 00:00:00";"31,01";"Geprüft"
"26.09.2005 00:00:00";"31";"Geprüft"
"04.10.2005 00:00:00";"30,98";"Geprüft"
"10.10.2005 00:00:00";"30,97";"Geprüft"
"17.10.2005 00:00:00";"30,95";"Geprüft"
"24.10.2005 00:00:00";"30,95";"Geprüft"
"01.11.2005 00:00:00";"30,95";"Geprüft"
"07.11.2005 00:00:00";"30,95";"Geprüft"
"14.11.2005 00:00:00";"30,94";"Geprüft"
"21.11.2005 00:00:00";"30,93";"Geprüft"
"28.11.2005 00:00:00";"30,95";"Geprüft"
"05.12.2005 00:00:00";"30,94";"Geprüft"
"12.12.2005 00:00:00";"30,92";"Geprüft"
"19.12.2005 00:00:00";"30,92";"Geprüft"
"02.01.2006 00:00:00";"30,93";"Geprüft"
"09.01.2006 00:00:00";"30,95";"Geprüft"
"16.01.2006 00:00:00";"30,96";"Geprüft"
"23.01.2006 00:00:00";"30,94";"Geprüft"
"30.01.2006 00:00:00";"30,97";"Geprüft"
"06.02.2006 00:00:00";"30,97";"Geprüft"
"14.02.2006 00:00:00";"31,03";"Geprüft"
"20.02.2006 00:00:00";"31,07";"Geprüft"
"27.02.2006 00:00:00";"31,09";"Geprüft"
"06.03.2006 00:00:00";"31,09";"Geprüft"
"13.03.2006 00:00:00";"31,08";"Geprüft"
"20.03.2006 00:00:00";"31,11";"Geprüft"
"27.03.2006 00:00:00";"31,13";"Geprüft"
"03.04.2006 00:00:00";"31,14";"Geprüft"
"10.04.2006 00:00:00";"31,13";"Geprüft"
"18.04.2006 00:00:00";"31,17";"Geprüft"
"24.04.2006 00:00:00";"31,17";"Geprüft"
"02.05.2006 00:00:00";"31,18";"Geprüft"
"08.05.2006 00:00:00";"31,13";"Geprüft"
"15.05.2006 00:00:00";"31,12";"Geprüft"
"22.05.2006 00:00:00";"31,16";"Geprüft"
"29.05.2006 00:00:00";"31,16";"Geprüft"
"06.06.2006 00:00:00";"31,15";"Geprüft"
"12.06.2006 00:00:00";"31,1";"Geprüft"
"19.06.2006 00:00:00";"31,09";"Geprüft"
"26.06.2006 00:00:00";"31,02";"Geprüft"
"03.07.2006 00:00:00";"30,97";"Geprüft"
"10.07.2006 00:00:00";"31,01";"Geprüft"
"17.07.2006 00:00:00";"31";"Geprüft"
"24.07.2006 00:00:00";"30,93";"Geprüft"
"31.07.2006 00:00:00";"30,94";"Geprüft"
"07.08.2006 00:00:00";"30,94";"Geprüft"
"14.08.2006 00:00:00";"30,92";"Geprüft"
"21.08.2006 00:00:00";"30,91";"Geprüft"
"28.08.2006 00:00:00";"30,93";"Geprüft"
"04.09.2006 00:00:00";"30,89";"Geprüft"
"12.09.2006 00:00:00";"30,88";"Geprüft"
"18.09.2006 00:00:00";"30,86";"Geprüft"
"26.09.2006 00:00:00";"30,82";"Geprüft"
"04.10.2006 00:00:00";"30,81";"Geprüft"
"10.10.2006 00:00:00";"30,8";"Geprüft"
"16.10.2006 00:00:00";"30,79";"Geprüft"
"23.10.2006 00:00:00";"30,81";"Geprüft"
"01.11.2006 00:00:00";"30,8";"Geprüft"
"09.11.2006 00:00:00";"30,78";"Geprüft"
"16.11.2006 00:00:00";"30,79";"Geprüft"
"23.11.2006 00:00:00";"30,8";"Geprüft"
"30.11.2006 00:00:00";"30,76";"Geprüft"
"07.12.2006 00:00:00";"30,78";"Geprüft"
"14.12.2006 00:00:00";"30,77";"Geprüft"
"22.12.2006 00:00:00";"30,76";"Geprüft"
"04.01.2007 00:00:00";"30,79";"Geprüft"
"12.01.2007 00:00:00";"30,77";"Geprüft"
"18.01.2007 00:00:00";"30,81";"Geprüft"
"26.01.2007 00:00:00";"30,87";"Geprüft"
"01.02.2007 00:00:00";"30,87";"Geprüft"
"08.02.2007 00:00:00";"30,92";"Geprüft"
"13.02.2007 00:00:00";"30,92";"Geprüft"
"23.02.2007 00:00:00";"30,93";"Geprüft"
"28.02.2007 00:00:00";"30,95";"Geprüft"
"08.03.2007 00:00:00";"30,96";"Geprüft"
"15.03.2007 00:00:00";"30,98";"Geprüft"
"22.03.2007 00:00:00";"31";"Geprüft"
"30.03.2007 00:00:00";"31,02";"Geprüft"
"05.04.2007 00:00:00";"31,04";"Geprüft"
"12.04.2007 00:00:00";"31";"Geprüft"
"19.04.2007 00:00:00";"31,01";"Geprüft"
"25.04.2007 00:00:00";"30,98";"Geprüft"
"03.05.2007 00:00:00";"30,95";"Geprüft"
"10.05.2007 00:00:00";"31";"Geprüft"
"16.05.2007 00:00:00";"31,04";"Geprüft"
"24.05.2007 00:00:00";"31,01";"Geprüft"
"31.05.2007 00:00:00";"31,08";"Geprüft"
"07.06.2007 00:00:00";"31,09";"Geprüft"
"14.06.2007 00:00:00";"31,07";"Geprüft"
"21.06.2007 00:00:00";"31,12";"Geprüft"
"28.06.2007 00:00:00";"31,21";"Geprüft"
"06.07.2007 00:00:00";"31,26";"Geprüft"
"12.07.2007 00:00:00";"31,28";"Geprüft"
"20.07.2007 00:00:00";"31,29";"Geprüft"
"25.07.2007 00:00:00";"31,29";"Geprüft"
"03.08.2007 00:00:00";"31,3";"Geprüft"
"09.08.2007 00:00:00";"31,28";"Geprüft"
"16.08.2007 00:00:00";"31,27";"Geprüft"
"23.08.2007 00:00:00";"31,27";"Geprüft"
"06.09.2007 00:00:00";"31,31";"Geprüft"
"13.09.2007 00:00:00";"31,3";"Geprüft"
"20.09.2007 00:00:00";"31,29";"Geprüft"
"28.09.2007 00:00:00";"31,29";"Geprüft"
"05.10.2007 00:00:00";"31,3";"Geprüft"
"11.10.2007 00:00:00";"31,27";"Geprüft"
"18.10.2007 00:00:00";"31,26";"Geprüft"
"26.10.2007 00:00:00";"31,24";"Geprüft"
"01.11.2007 00:00:00";"31,22";"Geprüft"
"09.11.2007 00:00:00";"31,25";"Geprüft"
"15.11.2007 00:00:00";"31,23";"Geprüft"
"22.11.2007 00:00:00";"31,25";"Geprüft"
"29.11.2007 00:00:00";"31,23";"Geprüft"
"06.12.2007 00:00:00";"31,19";"Geprüft"
"13.12.2007 00:00:00";"31,16";"Geprüft"
"19.12.2007 00:00:00";"31,18";"Geprüft"
"28.12.2007 00:00:00";"31,19";"Geprüft"
"03.01.2008 00:00:00";"31,18";"Geprüft"
"10.01.2008 00:00:00";"31,19";"Geprüft"
"17.01.2008 00:00:00";"31,19";"Geprüft"
"24.01.2008 00:00:00";"31,25";"Geprüft"
"31.01.2008 00:00:00";"31,33";"Geprüft"
"07.02.2008 00:00:00";"31,34";"Geprüft"
"14.02.2008 00:00:00";"31,37";"Geprüft"
"18.02.2008 00:00:00";"31,4";"Geprüft"
"29.02.2008 00:00:00";"31,41";"Geprüft"
"05.03.2008 00:00:00";"31,39";"Geprüft"
"14.03.2008 00:00:00";"31,42";"Geprüft"
"19.03.2008 00:00:00";"31,41";"Geprüft"
"26.03.2008 00:00:00";"31,42";"Geprüft"
"03.04.2008 00:00:00";"31,41";"Geprüft"
"10.04.2008 00:00:00";"31,43";"Geprüft"
"17.04.2008 00:00:00";"31,47";"Geprüft"
"23.04.2008 00:00:00";"31,47";"Geprüft"
"30.04.2008 00:00:00";"31,5";"Geprüft"
"08.05.2008 00:00:00";"31,46";"Geprüft"
"16.05.2008 00:00:00";"31,43";"Geprüft"
"22.05.2008 00:00:00";"31,39";"Geprüft"
"29.05.2008 00:00:00";"31,32";"Geprüft"
"05.06.2008 00:00:00";"31,24";"Geprüft"
"16.06.2008 00:00:00";"31,23";"Geprüft"
"20.06.2008 00:00:00";"31,2";"Geprüft"
"26.06.2008 00:00:00";"31,17";"Geprüft"
"03.07.2008 00:00:00";"31,13";"Geprüft"
"10.07.2008 00:00:00";"31,14";"Geprüft"
"17.07.2008 00:00:00";"31,14";"Geprüft"
"25.07.2008 00:00:00";"31,11";"Geprüft"
"31.07.2008 00:00:00";"31,05";"Geprüft"
"07.08.2008 00:00:00";"31,05";"Geprüft"
"14.08.2008 00:00:00";"31,02";"Geprüft"
"22.08.2008 00:00:00";"30,99";"Geprüft"
"29.08.2008 00:00:00";"31,01";"Geprüft"
"05.09.2008 00:00:00";"31";"Geprüft"
"10.09.2008 00:00:00";"31,01";"Geprüft"
"17.09.2008 00:00:00";"30,98";"Geprüft"
"25.09.2008 00:00:00";"30,97";"Geprüft"
"02.10.2008 00:00:00";"31";"Geprüft"
"09.10.2008 00:00:00";"30,97";"Geprüft"
"15.10.2008 00:00:00";"30,98";"Geprüft"
"23.10.2008 00:00:00";"30,96";"Geprüft"
"30.10.2008 00:00:00";"31,01";"Geprüft"
"06.11.2008 00:00:00";"31,02";"Geprüft"
"12.11.2008 00:00:00";"31,02";"Geprüft"
"20.11.2008 00:00:00";"31,05";"Geprüft"
"26.11.2008 00:00:00";"31,03";"Geprüft"
"03.12.2008 00:00:00";"31,07";"Geprüft"
"10.12.2008 00:00:00";"31,06";"Geprüft"
"19.12.2008 00:00:00";"31,07";"Geprüft"
"30.12.2008 00:00:00";"31,08";"Geprüft"
"08.01.2009 00:00:00";"31,06";"Geprüft"
"14.01.2009 00:00:00";"31,07";"Geprüft"
"21.01.2009 00:00:00";"31,07";"Geprüft"
"30.01.2009 00:00:00";"31,05";"Geprüft"
"04.02.2009 00:00:00";"31,08";"Geprüft"
"12.02.2009 00:00:00";"31,04";"Geprüft"
"20.02.2009 00:00:00";"31,04";"Geprüft"
"26.02.2009 00:00:00";"31,08";"Geprüft"
"06.03.2009 00:00:00";"31,11";"Geprüft"
"13.03.2009 00:00:00";"31,12";"Geprüft"
"20.03.2009 00:00:00";"31,13";"Geprüft"
"15.04.2009 00:00:00";"31,14";"Geprüft"
"21.04.2009 00:00:00";"31,1";"Geprüft"
"27.04.2009 00:00:00";"31,1";"Geprüft"
"08.05.2009 00:00:00";"31,08";"Geprüft"
"15.05.2009 00:00:00";"31,08";"Geprüft"
"20.05.2009 00:00:00";"31,04";"Geprüft"
"27.05.2009 00:00:00";"31,04";"Geprüft"
"03.06.2009 00:00:00";"31,09";"Geprüft"
"22.06.2009 00:00:00";"31,06";"Geprüft"
"02.07.2009 00:00:00";"31,05";"Geprüft"
"08.07.2009 00:00:00";"31,04";"Geprüft"
"15.07.2009 00:00:00";"31,03";"Geprüft"
"24.07.2009 00:00:00";"31";"Geprüft"
"31.07.2009 00:00:00";"30,97";"Geprüft"
"07.08.2009 00:00:00";"30,93";"Geprüft"
"14.08.2009 00:00:00";"30,92";"Geprüft"
"20.08.2009 00:00:00";"30,89";"Geprüft"
"28.08.2009 00:00:00";"30,88";"Geprüft"
"03.09.2009 00:00:00";"30,89";"Geprüft"
"10.09.2009 00:00:00";"30,87";"Geprüft"
"24.09.2009 00:00:00";"30,73";"Geprüft"
"06.10.2009 00:00:00";"30,84";"Geprüft"
"16.10.2009 00:00:00";"30,92";"Geprüft"
"22.10.2009 00:00:00";"30,92";"Geprüft"
"29.10.2009 00:00:00";"30,9";"Geprüft"
"20.11.2009 00:00:00";"30,98";"Geprüft"
"27.11.2009 00:00:00";"31";"Geprüft"
"04.12.2009 00:00:00";"31";"Geprüft"
"10.12.2009 00:00:00";"31,01";"Geprüft"
"18.12.2009 00:00:00";"31,04";"Geprüft"
"06.01.2010 00:00:00";"31,08";"Geprüft"
"14.01.2010 00:00:00";"31,08";"Geprüft"
"26.01.2010 00:00:00";"31,07";"Geprüft"
"04.02.2010 00:00:00";"31,07";"Geprüft"
"11.02.2010 00:00:00";"31,08";"Geprüft"
"18.02.2010 00:00:00";"31,09";"Geprüft"
"25.02.2010 00:00:00";"31,11";"Geprüft"
"05.03.2010 00:00:00";"31,14";"Geprüft"
"12.03.2010 00:00:00";"31,18";"Geprüft"
"19.03.2010 00:00:00";"31,21";"Geprüft"
"26.03.2010 00:00:00";"31,23";"Geprüft"
"01.04.2010 00:00:00";"31,23";"Geprüft"
"09.04.2010 00:00:00";"31,24";"Geprüft"
"15.04.2010 00:00:00";"31,26";"Geprüft"
"23.04.2010 00:00:00";"31,24";"Geprüft"
"30.04.2010 00:00:00";"31,24";"Geprüft"
"07.05.2010 00:00:00";"31,24";"Geprüft"
"09.06.2010 00:00:00";"31,22";"Geprüft"
"17.06.2010 00:00:00";"31,15";"Geprüft"
"24.06.2010 00:00:00";"31,11";"Geprüft"
"02.07.2010 00:00:00";"31,03";"Geprüft"
"05.07.2010 00:00:00";"31,01";"Geprüft"
"09.07.2010 00:00:00";"30,96";"Geprüft"
"19.07.2010 00:00:00";"30,91";"Geprüft"
"26.07.2010 00:00:00";"30,93";"Geprüft"
"01.08.2010 00:00:00";"30,9";"Geprüft"
"15.08.2010 00:00:00";"30,95";"Geprüft"
"22.08.2010 00:00:00";"30,98";"Geprüft"
"01.09.2010 00:00:00";"30,99";"Geprüft"
"08.09.2010 00:00:00";"30,99";"Geprüft"
"15.09.2010 00:00:00";"31";"Geprüft"
"22.09.2010 00:00:00";"31";"Geprüft"
"01.10.2010 00:00:00";"31,11";"Geprüft"
"09.10.2010 00:00:00";"31,14";"Geprüft"
"17.10.2010 00:00:00";"31,16";"Geprüft"
"24.10.2010 00:00:00";"31,17";"Geprüft"
"01.11.2010 00:00:00";"31,17";"Geprüft"
"08.11.2010 00:00:00";"31,2";"Geprüft"
"15.11.2010 00:00:00";"31,19";"Geprüft"
"22.11.2010 00:00:00";"31,24";"Geprüft"
"01.12.2010 00:00:00";"31,28";"Geprüft"
"08.12.2010 00:00:00";"31,3";"Geprüft"
"15.12.2010 00:00:00";"31,35";"Geprüft"
"22.12.2010 00:00:00";"31,35";"Geprüft"
"01.01.2011 00:00:00";"31,36";"Geprüft"
"08.01.2011 00:00:00";"31,38";"Geprüft"
"15.01.2011 00:00:00";"31,44";"Geprüft"
"22.01.2011 00:00:00";"31,51";"Geprüft"
"08.02.2011 00:00:00";"31,59";"Geprüft"
"15.02.2011 00:00:00";"31,62";"Geprüft"
"22.02.2011 00:00:00";"31,61";"Geprüft"
"01.03.2011 00:00:00";"31,58";"Geprüft"
"08.03.2011 00:00:00";"31,6";"Geprüft"
"15.03.2011 00:00:00";"31,57";"Geprüft"
"22.03.2011 00:00:00";"31,53";"Geprüft"
"01.04.2011 00:00:00";"31,51";"Geprüft"
"08.04.2011 00:00:00";"31,51";"Geprüft"
"15.04.2011 00:00:00";"31,47";"Geprüft"
"22.04.2011 00:00:00";"31,42";"Geprüft"
"01.05.2011 00:00:00";"31,4";"Geprüft"
"08.05.2011 00:00:00";"31,33";"Geprüft"
"15.05.2011 00:00:00";"31,33";"Geprüft"
"22.05.2011 00:00:00";"31,29";"Geprüft"
"01.06.2011 00:00:00";"31,23";"Geprüft"
"08.06.2011 00:00:00";"31,21";"Geprüft"
"15.06.2011 00:00:00";"31,2";"Geprüft"
"22.06.2011 00:00:00";"31,19";"Geprüft"
"01.07.2011 00:00:00";"31,19";"Geprüft"
"08.07.2011 00:00:00";"31,18";"Geprüft"
"15.07.2011 00:00:00";"31,19";"Geprüft"
"22.07.2011 00:00:00";"31,23";"Geprüft"
"01.08.2011 00:00:00";"31,33";"Geprüft"
"15.08.2011 00:00:00";"31,49";"Geprüft"
"22.08.2011 00:00:00";"31,46";"Geprüft"
"02.09.2011 00:00:00";"31,45";"Geprüft"
"10.09.2011 00:00:00";"31,46";"Geprüft"
"17.09.2011 00:00:00";"31,46";"Geprüft"
"24.09.2011 00:00:00";"31,42";"Geprüft"
"02.10.2011 00:00:00";"31,4";"Geprüft"
"09.10.2011 00:00:00";"31,38";"Geprüft"
"15.10.2011 00:00:00";"31,39";"Geprüft"
"23.10.2011 00:00:00";"31,38";"Geprüft"
"02.11.2011 00:00:00";"31,35";"Geprüft"
"09.11.2011 00:00:00";"31,33";"Geprüft"
"15.11.2011 00:00:00";"31,32";"Geprüft"
"22.11.2011 00:00:00";"31,31";"Geprüft"
"02.12.2011 00:00:00";"31,31";"Geprüft"
"09.12.2011 00:00:00";"31,29";"Geprüft"
"16.12.2011 00:00:00";"31,3";"Geprüft"
"22.12.2011 00:00:00";"31,31";"Geprüft"
"02.01.2012 00:00:00";"31,36";"Geprüft"
"09.01.2012 00:00:00";"31,35";"Geprüft"
"16.01.2012 00:00:00";"31,39";"Geprüft"
"22.01.2012 00:00:00";"31,43";"Geprüft"
"09.02.2012 00:00:00";"31,46";"Geprüft"
"15.02.2012 00:00:00";"31,46";"Geprüft"
"22.02.2012 00:00:00";"31,47";"Geprüft"
"02.03.2012 00:00:00";"31,48";"Geprüft"
"08.03.2012 00:00:00";"31,49";"Geprüft"
"15.03.2012 00:00:00";"31,49";"Geprüft"
"22.03.2012 00:00:00";"31,47";"Geprüft"
"02.04.2012 00:00:00";"31,45";"Geprüft"
"09.04.2012 00:00:00";"31,44";"Geprüft"
"16.04.2012 00:00:00";"31,41";"Geprüft"
"22.04.2012 00:00:00";"31,37";"Geprüft"
"01.05.2012 00:00:00";"31,3";"Geprüft"
"09.05.2012 00:00:00";"31,29";"Geprüft"
"16.05.2012 00:00:00";"31,28";"Geprüft"
"22.05.2012 00:00:00";"31,24";"Geprüft"
"01.06.2012 00:00:00";"31,21";"Geprüft"
"08.06.2012 00:00:00";"31,21";"Geprüft"
"15.06.2012 00:00:00";"31,17";"Geprüft"
"22.06.2012 00:00:00";"31,22";"Geprüft"
"01.07.2012 00:00:00";"31,21";"Geprüft"
"08.07.2012 00:00:00";"31,25";"Geprüft"
"15.07.2012 00:00:00";"31,3";"Geprüft"
"24.07.2012 00:00:00";"31,33";"Geprüft"
"01.08.2012 00:00:00";"31,31";"Geprüft"
"07.08.2012 00:00:00";"31,28";"Geprüft"
"17.08.2012 00:00:00";"31,24";"Geprüft"
"24.08.2012 00:00:00";"31,21";"Geprüft"
"02.09.2012 00:00:00";"31,18";"Geprüft"
"09.09.2012 00:00:00";"31,17";"Geprüft"
"15.09.2012 00:00:00";"31,16";"Geprüft"
"23.09.2012 00:00:00";"31,13";"Geprüft"
"01.10.2012 00:00:00";"31,13";"Geprüft"
"09.10.2012 00:00:00";"31,12";"Geprüft"
"16.10.2012 00:00:00";"31,11";"Geprüft"
"23.10.2012 00:00:00";"31,09";"Geprüft"
"03.11.2012 00:00:00";"31,09";"Geprüft"
"08.11.2012 00:00:00";"31,09";"Geprüft"
"16.11.2012 00:00:00";"31,08";"Geprüft"
"22.11.2012 00:00:00";"31,08";"Geprüft"
"02.12.2012 00:00:00";"31,09";"Geprüft"
"09.12.2012 00:00:00";"31,1";"Geprüft"
"15.12.2012 00:00:00";"31,1";"Geprüft"
"22.12.2012 00:00:00";"31,13";"Geprüft"
"01.01.2013 00:00:00";"31,16";"Geprüft"
"09.01.2013 00:00:00";"31,2";"Geprüft"
"15.01.2013 00:00:00";"31,23";"Geprüft"
"24.01.2013 00:00:00";"31,27";"Geprüft"
"01.02.2013 00:00:00";"31,32";"Geprüft"
"15.02.2013 00:00:00";"31,36";"Geprüft"
"22.02.2013 00:00:00";"31,38";"Geprüft"
"01.03.2013 00:00:00";"31,4";"Geprüft"
"08.03.2013 00:00:00";"31,42";"Geprüft"
"15.03.2013 00:00:00";"31,41";"Geprüft"
"22.03.2013 00:00:00";"31,4";"Geprüft"
"04.04.2013 00:00:00";"31,42";"Geprüft"
"12.04.2013 00:00:00";"31,41";"Geprüft"
"18.04.2013 00:00:00";"31,39";"Geprüft"
"24.04.2013 00:00:00";"31,36";"Geprüft"
"02.05.2013 00:00:00";"31,37";"Geprüft"
"09.05.2013 00:00:00";"31,37";"Geprüft"
"15.05.2013 00:00:00";"31,36";"Geprüft"
"22.05.2013 00:00:00";"31,38";"Geprüft"
"01.06.2013 00:00:00";"31,42";"Geprüft"
"09.06.2013 00:00:00";"31,45";"Geprüft"
"16.06.2013 00:00:00";"31,44";"Geprüft"
"22.06.2013 00:00:00";"31,42";"Geprüft"
"01.07.2013 00:00:00";"31,48";"Geprüft"
"07.07.2013 00:00:00";"31,43";"Geprüft"
"15.07.2013 00:00:00";"31,37";"Geprüft"
"22.07.2013 00:00:00";"31,3";"Geprüft"
"02.08.2013 00:00:00";"31,23";"Geprüft"
"09.08.2013 00:00:00";"31,26";"Geprüft"
"16.08.2013 00:00:00";"31,24";"Geprüft"
"23.08.2013 00:00:00";"31,2";"Geprüft"
"01.09.2013 00:00:00";"31,16";"Geprüft"
"08.09.2013 00:00:00";"31,15";"Geprüft"
"15.09.2013 00:00:00";"31,15";"Geprüft"
"22.09.2013 00:00:00";"31,14";"Geprüft"
"03.10.2013 00:00:00";"31,13";"Geprüft"
"10.10.2013 00:00:00";"31,12";"Geprüft"
"17.10.2013 00:00:00";"31,18";"Geprüft"
"23.10.2013 00:00:00";"31,19";"Geprüft"
"02.11.2013 00:00:00";"31,2";"Geprüft"
"09.11.2013 00:00:00";"31,2";"Geprüft"
"16.11.2013 00:00:00";"31,2";"Geprüft"
"23.11.2013 00:00:00";"31,2";"Geprüft"
"02.12.2013 00:00:00";"31,21";"Geprüft"
"09.12.2013 00:00:00";"31,22";"Geprüft"
"16.12.2013 00:00:00";"31,25";"Geprüft"
"22.12.2013 00:00:00";"31,25";"Geprüft"
"02.01.2014 00:00:00";"31,29";"Geprüft"
"08.01.2014 00:00:00";"31,33";"Geprüft"
"29.01.2014 00:00:00";"31,3";"Geprüft"
"08.02.2014 00:00:00";"31,3";"Geprüft"
"15.02.2014 00:00:00";"31,3";"Geprüft"
"21.02.2014 00:00:00";"31,3";"Geprüft"
"02.03.2014 00:00:00";"31,28";"Geprüft"
"09.03.2014 00:00:00";"31,23";"Geprüft"
"16.03.2014 00:00:00";"31,24";"Geprüft"
"23.03.2014 00:00:00";"31,23";"Geprüft"
"02.04.2014 00:00:00";"31,2";"Geprüft"
"09.04.2014 00:00:00";"31,14";"Geprüft"
"17.04.2014 00:00:00";"31,16";"Geprüft"
"23.04.2014 00:00:00";"31,14";"Geprüft"
"02.05.2014 00:00:00";"31,11";"Geprüft"
"08.05.2014 00:00:00";"31,11";"Geprüft"
"15.05.2014 00:00:00";"31,11";"Geprüft"
"21.05.2014 00:00:00";"31,11";"Geprüft"
"01.06.2014 00:00:00";"31,11";"Geprüft"
"10.06.2014 00:00:00";"31,04";"Geprüft"
"15.06.2014 00:00:00";"31,03";"Geprüft"
"23.06.2014 00:00:00";"31";"Geprüft"
"01.07.2014 00:00:00";"31,05";"Geprüft"
"11.07.2014 00:00:00";"31,07";"Geprüft"
"18.07.2014 00:00:00";"31,03";"Geprüft"
"23.07.2014 00:00:00";"30,99";"Geprüft"
"01.08.2014 00:00:00";"31,05";"Geprüft"
"11.08.2014 00:00:00";"31,03";"Geprüft"
"03.09.2014 00:00:00";"30,97";"Geprüft"
"09.09.2014 00:00:00";"30,95";"Geprüft"
"17.09.2014 00:00:00";"30,95";"Geprüft"
"23.09.2014 00:00:00";"30,95";"Geprüft"
"03.10.2014 00:00:00";"30,94";"Geprüft"
"12.10.2014 00:00:00";"30,95";"Geprüft"
"23.10.2014 00:00:00";"30,93";"Geprüft"
"03.11.2014 00:00:00";"30,95";"Geprüft"
"11.11.2014 00:00:00";"30,93";"Geprüft"
"17.11.2014 00:00:00";"30,92";"Geprüft"
"24.11.2014 00:00:00";"30,91";"Geprüft"
"02.12.2014 00:00:00";"30,91";"Geprüft"
"08.12.2014 00:00:00";"30,91";"Geprüft"
"15.12.2014 00:00:00";"30,91";"Geprüft"
"22.12.2014 00:00:00";"30,92";"Geprüft"
"06.01.2015 00:00:00";"30,93";"Geprüft"
"15.01.2015 00:00:00";"31,01";"Geprüft"
"24.01.2015 00:00:00";"31,04";"Geprüft"
"01.02.2015 00:00:00";"31,07";"Geprüft"
"09.02.2015 00:00:00";"31,08";"Geprüft"
"16.02.2015 00:00:00";"31,09";"Geprüft"
"23.02.2015 00:00:00";"31,09";"Geprüft"
"02.03.2015 00:00:00";"31,09";"Geprüft"
"09.03.2015 00:00:00";"31,09";"Geprüft"
"16.03.2015 00:00:00";"31,09";"Geprüft"
"23.03.2015 00:00:00";"31,07";"Geprüft"
"02.04.2015 00:00:00";"31,06";"Geprüft"
"07.04.2015 00:00:00";"31,06";"Geprüft"
"16.04.2015 00:00:00";"31,04";"Geprüft"
"23.04.2015 00:00:00";"31";"Geprüft"
"01.05.2015 00:00:00";"30,98";"Geprüft"
"08.05.2015 00:00:00";"30,96";"Geprüft"
"18.05.2015 00:00:00";"30,95";"Geprüft"
"26.05.2015 00:00:00";"30,91";"Geprüft"
"01.06.2015 00:00:00";"30,88";"Geprüft"
"08.06.2015 00:00:00";"30,82";"Geprüft"
"01.07.2015 00:00:00";"30,81";"Geprüft"
"08.07.2015 00:00:00";"30,81";"Geprüft"
"16.07.2015 00:00:00";"30,82";"Geprüft"
"22.07.2015 00:00:00";"30,82";"Geprüft"
"03.08.2015 00:00:00";"30,77";"Geprüft"
"10.08.2015 00:00:00";"30,75";"Geprüft"
"17.08.2015 00:00:00";"30,74";"Geprüft"
"25.08.2015 00:00:00";"30,74";"Geprüft"
"01.09.2015 00:00:00";"30,73";"Geprüft"
"08.09.2015 00:00:00";"30,75";"Geprüft"
"16.09.2015 00:00:00";"30,74";"Geprüft"
"23.09.2015 00:00:00";"30,73";"Geprüft"
"01.10.2015 00:00:00";"30,72";"Geprüft"
"08.10.2015 00:00:00";"30,74";"Geprüft"
"15.10.2015 00:00:00";"30,76";"Geprüft"
"22.10.2015 00:00:00";"30,8";"Geprüft"
"03.11.2015 00:00:00";"30,8";"Geprüft"
"10.11.2015 00:00:00";"30,79";"Geprüft"
"17.11.2015 00:00:00";"30,82";"Geprüft"
"24.11.2015 00:00:00";"30,85";"Geprüft"
"02.12.2015 00:00:00";"30,87";"Geprüft"
"08.12.2015 00:00:00";"30,88";"Geprüft"
"15.12.2015 00:00:00";"30,89";"Geprüft"
"22.12.2015 00:00:00";"30,9";"Geprüft"
"12.01.2016 00:00:00";"30,93";"Geprüft"
"25.01.2016 00:00:00";"30,94";"Geprüft"
"01.02.2016 00:00:00";"30,95";"Geprüft"
"08.02.2016 00:00:00";"30,96";"Geprüft"
"15.02.2016 00:00:00";"30,95";"Geprüft"
"23.02.2016 00:00:00";"30,99";"Geprüft"
"02.03.2016 00:00:00";"31,02";"Geprüft"
"09.03.2016 00:00:00";"31,02";"Geprüft"
"16.03.2016 00:00:00";"31,02";"Geprüft"
"22.03.2016 00:00:00";"31,05";"Geprüft"
"02.04.2016 00:00:00";"31,06";"Geprüft"
"09.04.2016 00:00:00";"31,05";"Geprüft"
"16.04.2016 00:00:00";"31,07";"Geprüft"
"23.04.2016 00:00:00";"31,06";"Geprüft"
"01.05.2016 00:00:00";"31,05";"Geprüft"
"09.05.2016 00:00:00";"30,99";"Geprüft"
"16.05.2016 00:00:00";"30,98";"Geprüft"
"23.05.2016 00:00:00";"30,92";"Geprüft"
"02.06.2016 00:00:00";"30,97";"Geprüft"
"10.06.2016 00:00:00";"30,91";"Geprüft"
"16.06.2016 00:00:00";"30,92";"Geprüft"
"22.06.2016 00:00:00";"30,91";"Geprüft"
"01.07.2016 00:00:00";"30,85";"Geprüft"
"08.07.2016 00:00:00";"30,82";"Geprüft"
"16.07.2016 00:00:00";"30,81";"Geprüft"
"24.07.2016 00:00:00";"30,75";"Geprüft"
"02.08.2016 00:00:00";"30,76";"Geprüft"
"15.08.2016 00:00:00";"30,73";"Geprüft"
"22.08.2016 00:00:00";"30,74";"Geprüft"
"04.09.2016 00:00:00";"30,68";"Geprüft"
"10.09.2016 00:00:00";"30,68";"Geprüft"
"16.09.2016 00:00:00";"30,66";"Geprüft"
"25.09.2016 00:00:00";"30,64";"Geprüft"
"02.10.2016 00:00:00";"30,65";"Geprüft"
"10.10.2016 00:00:00";"30,66";"Geprüft"
"16.10.2016 00:00:00";"30,66";"Geprüft"
"23.10.2016 00:00:00";"30,67";"Geprüft"
"01.11.2016 00:00:00";"30,68";"Geprüft"
"09.11.2016 00:00:00";"30,69";"Geprüft"
"15.11.2016 00:00:00";"30,69";"Geprüft"
"22.11.2016 00:00:00";"30,69";"Geprüft"
"02.12.2016 00:00:00";"30,68";"Geprüft"
"08.12.2016 00:00:00";"30,69";"Geprüft"
"17.12.2016 00:00:00";"30,7";"Geprüft"
"23.12.2016 00:00:00";"30,71";"Geprüft"
"02.01.2017 00:00:00";"30,74";"Geprüft"
"12.01.2017 00:00:00";"30,78";"Geprüft"
"20.01.2017 00:00:00";"30,8";"Geprüft"
"02.02.2017 00:00:00";"30,81";"Geprüft"
"08.02.2017 00:00:00";"30,81";"Geprüft"
"15.02.2017 00:00:00";"30,8";"Geprüft"
"22.02.2017 00:00:00";"30,81";"Geprüft"
"01.03.2017 00:00:00";"30,83";"Geprüft"
"09.03.2017 00:00:00";"30,85";"Geprüft"
"16.03.2017 00:00:00";"30,86";"Geprüft"
"23.03.2017 00:00:00";"30,88";"Geprüft"
"01.04.2017 00:00:00";"30,88";"Geprüft"
"09.04.2017 00:00:00";"30,89";"Geprüft"
"16.04.2017 00:00:00";"30,91";"Geprüft"
"24.04.2017 00:00:00";"30,92";"Geprüft"
"02.05.2017 00:00:00";"30,9";"Geprüft"
"10.05.2017 00:00:00";"30,92";"Geprüft"
"17.05.2017 00:00:00";"30,85";"Geprüft"
"23.05.2017 00:00:00";"30,83";"Geprüft"
"01.06.2017 00:00:00";"30,75";"Geprüft"
"11.06.2017 00:00:00";"30,71";"Geprüft"
"24.06.2017 00:00:00";"30,68";"Geprüft"
"03.07.2017 00:00:00";"30,91";"Geprüft"
"10.07.2017 00:00:00";"30,95";"Geprüft"
"17.07.2017 00:00:00";"30,97";"Geprüft"
"24.07.2017 00:00:00";"30,98";"Geprüft"
"01.08.2017 00:00:00";"31,11";"Geprüft"
"15.08.2017 00:00:00";"31,19";"Geprüft"
"24.08.2017 00:00:00";"31,22";"Geprüft"
"01.09.2017 00:00:00";"31,2";"Geprüft"
"09.09.2017 00:00:00";"31,2";"Geprüft"
"16.09.2017 00:00:00";"31,2";"Geprüft"
"23.09.2017 00:00:00";"31,16";"Geprüft"
"01.10.2017 00:00:00";"31,15";"Geprüft"
"09.10.2017 00:00:00";"31,19";"Geprüft"
"16.10.2017 00:00:00";"31,19";"Geprüft"
"23.10.2017 00:00:00";"31,19";"Geprüft"
"07.11.2017 00:00:00";"31,21";"Geprüft"
"17.11.2017 00:00:00";"31,21";"Geprüft"
"23.11.2017 00:00:00";"31,24";"Geprüft"
"02.12.2017 00:00:00";"31,24";"Geprüft"
"11.12.2017 00:00:00";"31,26";"Geprüft"
"20.12.2017 00:00:00";"31,25";"Geprüft"
"02.01.2018 00:00:00";"31,28";"Geprüft"
"09.01.2018 00:00:00";"31,32";"Geprüft"
"18.01.2018 00:00:00";"31,32";"Geprüft"
"25.01.2018 00:00:00";"31,34";"Geprüft"
"01.02.2018 00:00:00";"31,36";"Geprüft"
"09.02.2018 00:00:00";"31,37";"Geprüft"
"16.02.2018 00:00:00";"31,36";"Geprüft"
"08.03.2018 00:00:00";"31,35";"Geprüft"
"15.03.2018 00:00:00";"31,36";"Geprüft"
"23.03.2018 00:00:00";"31,37";"Geprüft"
"03.04.2018 00:00:00";"31,37";"Geprüft"
"10.04.2018 00:00:00";"31,37";"Geprüft"
"16.04.2018 00:00:00";"31,37";"Geprüft"
"22.04.2018 00:00:00";"31,34";"Geprüft"
"01.05.2018 00:00:00";"31,32";"Geprüft"
"09.05.2018 00:00:00";"31,27";"Geprüft"
"16.05.2018 00:00:00";"31,26";"Geprüft"
"21.05.2018 00:00:00";"31,2";"Geprüft"
"02.06.2018 00:00:00";"31,13";"Geprüft"
"09.06.2018 00:00:00";"31,07";"Geprüft"
"16.06.2018 00:00:00";"31,05";"Geprüft"
"22.06.2018 00:00:00";"31,02";"Geprüft"
"03.07.2018 00:00:00";"30,96";"Geprüft"
"11.07.2018 00:00:00";"30,94";"Geprüft"
"22.07.2018 00:00:00";"30,92";"Geprüft"
"01.08.2018 00:00:00";"30,83";"Geprüft"
"08.08.2018 00:00:00";"30,81";"Geprüft"
"15.08.2018 00:00:00";"30,79";"Geprüft"
"22.08.2018 00:00:00";"30,75";"Geprüft"
"02.09.2018 00:00:00";"30,74";"Geprüft"
"09.09.2018 00:00:00";"30,69";"Geprüft"
"15.09.2018 00:00:00";"30,69";"Geprüft"
"22.09.2018 00:00:00";"30,68";"Geprüft"
"01.10.2018 00:00:00";"30,7";"Geprüft"
"09.10.2018 00:00:00";"30,67";"Geprüft"
"15.10.2018 00:00:00";"30,67";"Geprüft"
"24.10.2018 00:00:00";"30,66";"Geprüft"
"01.11.2018 00:00:00";"30,67";"Geprüft"
"09.11.2018 00:00:00";"30,67";"Geprüft"
"15.11.2018 00:00:00";"30,66";"Geprüft"
"24.11.2018 00:00:00";"30,67";"Geprüft"
"04.12.2018 00:00:00";"30,66";"Geprüft"
"10.12.2018 00:00:00";"30,66";"Geprüft"
"18.12.2018 00:00:00";"30,66";"Geprüft"
"23.12.2018 00:00:00";"30,66";"Geprüft"
"02.01.2019 00:00:00";"30,66";"Geprüft"
"10.01.2019 00:00:00";"30,68";"Geprüft"
"16.01.2019 00:00:00";"30,72";"Geprüft"
"12.03.2019 00:00:00";"30,77";"Geprüft"
"24.03.2019 00:00:00";"30,8";"Geprüft"
"02.04.2019 00:00:00";"30,82";"Geprüft"
"09.04.2019 00:00:00";"30,79";"Geprüft"
"15.04.2019 00:00:00";"30,79";"Geprüft"
"23.04.2019 00:00:00";"30,77";"Geprüft"
"01.05.2019 00:00:00";"30,72";"Geprüft"
"10.05.2019 00:00:00";"30,7";"Geprüft"
"17.05.2019 00:00:00";"30,71";"Geprüft"
"24.05.2019 00:00:00";"30,68";"Geprüft"
"03.06.2019 00:00:00";"30,64";"Geprüft"
"11.06.2019 00:00:00";"30,6";"Geprüft"
"23.06.2019 00:00:00";"30,64";"Geprüft"
"02.07.2019 00:00:00";"30,59";"Geprüft"
"10.07.2019 00:00:00";"30,59";"Geprüft"
"17.07.2019 00:00:00";"30,61";"Geprüft"
"26.07.2019 00:00:00";"30,59";"Geprüft"
"01.08.2019 00:00:00";"30,59";"Geprüft"
"08.08.2019 00:00:00";"30,6";"Geprüft"
"15.08.2019 00:00:00";"30,56";"Geprüft"
"23.08.2019 00:00:00";"30,5";"Geprüft"
"01.09.2019 00:00:00";"30,5";"Geprüft"
"08.09.2019 00:00:00";"30,5";"Geprüft"
"17.09.2019 00:00:00";"30,51";"Geprüft"
"26.09.2019 00:00:00";"30,53";"Geprüft"
"10.10.2019 00:00:00";"30,61";"Geprüft"
"17.10.2019 00:00:00";"30,63";"Geprüft"
"24.10.2019 00:00:00";"30,63";"Geprüft"
"05.11.2019 00:00:00";"30,64";"Geprüft"
"12.11.2019 00:00:00";"30,65";"Geprüft"
"20.11.2019 00:00:00";"30,64";"Geprüft"
"01.12.2019 00:00:00";"30,65";"Geprüft"
"08.12.2019 00:00:00";"30,67";"Geprüft"
"19.12.2019 00:00:00";"30,66";"Geprüft"
"03.01.2020 00:00:00";"30,68";"Geprüft"
"10.01.2020 00:00:00";"30,67";"Geprüft"
"19.01.2020 00:00:00";"30,66";"Geprüft"
"30.01.2020 00:00:00";"30,68";"Geprüft"
"08.02.2020 00:00:00";"30,69";"Geprüft"
"15.02.2020 00:00:00";"30,72";"Geprüft"
"24.02.2020 00:00:00";"30,74";"Geprüft"
"03.03.2020 00:00:00";"30,79";"Geprüft"
"11.03.2020 00:00:00";"30,82";"Geprüft"
"18.03.2020 00:00:00";"30,84";"Geprüft"
"25.03.2020 00:00:00";"30,86";"Geprüft"
"02.04.2020 00:00:00";"30,87";"Geprüft"
"09.04.2020 00:00:00";"30,81";"Geprüft"
"16.04.2020 00:00:00";"30,79";"Geprüft"
"23.04.2020 00:00:00";"30,74";"Geprüft"
"03.05.2020 00:00:00";"30,75";"Geprüft"
"12.05.2020 00:00:00";"30,75";"Geprüft"
"23.05.2020 00:00:00";"30,71";"Geprüft"
"03.06.2020 00:00:00";"30,64";"Geprüft"
"09.06.2020 00:00:00";"30,65";"Geprüft"
"15.06.2020 00:00:00";"30,67";"Geprüft"
"22.06.2020 00:00:00";"30,66";"Geprüft"
"02.07.2020 00:00:00";"30,65";"Geprüft"
"10.07.2020 00:00:00";"30,65";"Geprüft"
"18.07.2020 00:00:00";"30,63";"Geprüft"
"02.08.2020 00:00:00";"30,58";"Geprüft"
"12.08.2020 00:00:00";"30,5";"Geprüft"
"19.08.2020 00:00:00";"30,45";"Geprüft"
"27.08.2020 00:00:00";"30,47";"Geprüft"
"06.09.2020 00:00:00";"30,5";"Geprüft"
"21.09.2020 00:00:00";"30,44";"Geprüft"
"30.09.2020 00:00:00";"30,48";"Geprüft"
"07.10.2020 00:00:00";"30,57";"Geprüft"
"08.10.2020 00:00:00";"30,49";"Geprüft"
"15.10.2020 00:00:00";"30,5";"Geprüft"
"24.10.2020 00:00:00";"30,53";"Geprüft"
"15.11.2020 00:00:00";"30,59";"Geprüft"
"22.11.2020 00:00:00";"30,58";"Geprüft"
"29.11.2020 00:00:00";"30,57";"Geprüft"
"15.12.2020 00:00:00";"30,55";"Geprüft"
"22.12.2020 00:00:00";"30,55";"Geprüft"
"31.12.2020 00:00:00";"30,55";"Geprüft"
"06.01.2021 00:00:00";"30,55";"Geprüft"
"13.01.2021 00:00:00";"30,56";"Geprüft"
"20.01.2021 00:00:00";"30,57";"Geprüft"
"27.01.2021 00:00:00";"30,58";"Geprüft"
"03.02.2021 00:00:00";"30,59";"Geprüft"
"11.02.2021 00:00:00";"30,6";"Geprüft"
"19.02.2021 00:00:00";"30,62";"Geprüft"
"25.02.2021 00:00:00";"30,64";"Geprüft"
"05.03.2021 00:00:00";"30,65";"Geprüft"
"11.03.2021 00:00:00";"30,65";"Geprüft"
"17.03.2021 00:00:00";"30,62";"Geprüft"
"24.03.2021 00:00:00";"30,69";"Geprüft"
"30.03.2021 00:00:00";"30,68";"Geprüft"
"07.04.2021 00:00:00";"30,7";"Geprüft"
"14.04.2021 00:00:00";"30,7";"Geprüft"
"21.04.2021 00:00:00";"30,71";"Geprüft"
"28.04.2021 00:00:00";"30,69";"Geprüft"
"05.05.2021 00:00:00";"30,69";"Geprüft"
"11.05.2021 00:00:00";"30,68";"Geprüft"
"19.05.2021 00:00:00";"30,71";"Geprüft"
"26.05.2021 00:00:00";"30,7";"Geprüft"
"31.05.2021 00:00:00";"30,68";"Geprüft"
"05.06.2021 00:00:00";"30,61";"Geprüft"
"11.06.2021 00:00:00";"30,55";"Geprüft"
"17.06.2021 00:00:00";"30,51";"Geprüft"
"23.06.2021 00:00:00";"30,47";"Geprüft"
"29.06.2021 00:00:00";"30,45";"Geprüft"
"07.07.2021 00:00:00";"30,61";"Geprüft"
"16.07.2021 00:00:00";"30,65";"Geprüft"
"22.07.2021 00:00:00";"30,66";"Geprüft"
"29.07.2021 00:00:00";"30,61";"Geprüft"
"04.08.2021 00:00:00";"30,63";"Geprüft"
"11.08.2021 00:00:00";"30,65";"Geprüft"
"20.08.2021 00:00:00";"30,62";"Geprüft"
"26.08.2021 00:00:00";"30,65";"Geprüft"
"01.09.2021 00:00:00";"30,69";"Geprüft"
"09.09.2021 00:00:00";"30,69";"Geprüft"
"17.09.2021 00:00:00";"30,74";"Geprüft"
"26.09.2021 00:00:00";"30,72";"Geprüft"
"06.10.2021 00:00:00";"30,73";"Geprüft"
"13.10.2021 00:00:00";"30,74";"Geprüft"
"22.10.2021 00:00:00";"30,74";"Geprüft"
"28.10.2021 00:00:00";"30,73";"Geprüft"
"03.11.2021 00:00:00";"30,73";"Geprüft"
"10.11.2021 00:00:00";"30,77";"Geprüft"
"18.11.2021 00:00:00";"30,78";"Geprüft"
"26.11.2021 00:00:00";"30,79";"Geprüft"
"01.12.2021 00:00:00";"30,8";"Geprüft"
"07.12.2021 00:00:00";"30,79";"Geprüft"
"14.12.2021 00:00:00";"30,78";"Geprüft"
"21.12.2021 00:00:00";"30,78";"Geprüft"
"27.12.2021 00:00:00";"30,8";"Geprüft"
"03.01.2022 00:00:00";"30,82";"Geprüft"
"07.01.2022 00:00:00";"30,82";"Geprüft"
"14.01.2022 00:00:00";"30,82";"Geprüft"
"20.01.2022 00:00:00";"30,83";"Geprüft"
"26.01.2022 00:00:00";"30,85";"Geprüft"
"04.02.2022 00:00:00";"30,91";"Geprüft"
"11.02.2022 00:00:00";"30,88";"Geprüft"
"21.02.2022 00:00:00";"30,92";"Geprüft"
"27.02.2022 00:00:00";"30,91";"Geprüft"
"07.03.2022 00:00:00";"30,93";"Geprüft"
"16.03.2022 00:00:00";"30,93";"Geprüft"
"22.03.2022 00:00:00";"30,92";"Geprüft"
"28.03.2022 00:00:00";"30,91";"Geprüft"
"04.04.2022 00:00:00";"30,91";"Geprüft"
"13.04.2022 00:00:00";"30,89";"Geprüft"
"20.04.2022 00:00:00";"30,86";"Geprüft"
"27.04.2022 00:00:00";"30,84";"Geprüft"
"06.05.2022 00:00:00";"30,8";"Geprüft"
"11.05.2022 00:00:00";"30,77";"Geprüft"
"16.05.2022 00:00:00";"30,74";"Geprüft"
"25.05.2022 00:00:00";"30,81";"Geprüft"
"01.06.2022 00:00:00";"30,73";"Geprüft"
"07.06.2022 00:00:00";"30,69";"Geprüft"
"15.06.2022 00:00:00";"30,65";"Geprüft"
"22.06.2022 00:00:00";"30,61";"Geprüft"
"01.07.2022 00:00:00";"30,56";"Geprüft"
"06.07.2022 00:00:00";"30,54";"Geprüft"
"13.07.2022 00:00:00";"30,55";"Geprüft"
"21.07.2022 00:00:00";"30,53";"Geprüft"
"27.07.2022 00:00:00";"30,48";"Geprüft"
"03.08.2022 00:00:00";"30,47";"Geprüft"
"10.08.2022 00:00:00";"30,45";"Geprüft"
"05.09.2022 00:00:00";"30,42";"Geprüft"
"13.09.2022 00:00:00";"30,44";"Geprüft"
"20.09.2022 00:00:00";"30,46";"Geprüft"
"26.09.2022 00:00:00";"30,49";"Geprüft"
"03.10.2022 00:00:00";"30,49";"Geprüft"
"09.10.2022 00:00:00";"30,48";"Geprüft"
"13.10.2022 00:00:00";"30,48";"Geprüft"
"19.10.2022 00:00:00";"30,48";"Geprüft"
"26.10.2022 00:00:00";"30,48";"Geprüft"
"02.11.2022 00:00:00";"30,48";"Geprüft"
"10.11.2022 00:00:00";"30,48";"Geprüft"
"16.11.2022 00:00:00";"30,48";"Geprüft"
"23.11.2022 00:00:00";"30,48";"Geprüft"
"02.12.2022 00:00:00";"30,48";"Geprüft"
"07.12.2022 00:00:00";"30,48";"Geprüft"
"15.12.2022 00:00:00";"30,48";"Geprüft"
"22.12.2022 00:00:00";"30,49";"Geprüft"
"03.01.2023 00:00:00";"30,51";"Geprüft"
"09.01.2023 00:00:00";"30,55";"Geprüft"
"17.01.2023 00:00:00";"30,59";"Geprüft"
"26.01.2023 00:00:00";"30,6";"Geprüft"
"31.01.2023 00:00:00";"30,6";"Geprüft"
"09.02.2023 00:00:00";"30,63";"Geprüft"
"16.02.2023 00:00:00";"30,64";"Geprüft"
"23.02.2023 00:00:00";"30,65";"Geprüft"
"28.02.2023 00:00:00";"30,64";"Geprüft"
"08.03.2023 00:00:00";"30,67";"Geprüft"
"16.03.2023 00:00:00";"30,7";"Geprüft"
"22.03.2023 00:00:00";"30,72";"Geprüft"
"02.04.2023 00:00:00";"30,75";"Geprüft"
"12.04.2023 00:00:00";"30,79";"Geprüft"
"19.04.2023 00:00:00";"30,8";"Geprüft"
"27.04.2023 00:00:00";"30,81";"Geprüft"
"03.05.2023 00:00:00";"30,79";"Geprüft"
"09.05.2023 00:00:00";"30,82";"Geprüft"
"16.05.2023 00:00:00";"30,77";"Geprüft"
"23.05.2023 00:00:00";"30,69";"Geprüft"
"07.06.2023 00:00:00";"30,62";"Geprüft"
"16.06.2023 00:00:00";"30,61";"Geprüft"
"20.06.2023 00:00:00";"30,61";"Geprüft"
"28.06.2023 00:00:00";"30,62";"Geprüft"
"05.07.2023 00:00:00";"30,63";"Geprüft"
"12.07.2023 00:00:00";"30,63";"Geprüft"
"20.07.2023 00:00:00";"30,59";"Geprüft"
"27.07.2023 00:00:00";"30,6";"Geprüft"
"06.08.2023 00:00:00";"30,69";"Geprüft"
"16.08.2023 00:00:00";"30,64";"Geprüft"
"25.08.2023 00:00:00";"30,58";"Geprüft"
"29.08.2023 00:00:00";"30,62";"Geprüft"
"07.09.2023 00:00:00";"30,56";"Geprüft"
"12.09.2023 00:00:00";"30,56";"Geprüft"
"16.09.2023 00:00:00";"30,55";"Geprüft"
"20.09.2023 00:00:00";"30,55";"Geprüft"
"26.09.2023 00:00:00";"30,52";"Geprüft"
"04.10.2023 00:00:00";"30,52";"Geprüft"
"12.10.2023 00:00:00";"30,56";"Geprüft"
"19.10.2023 00:00:00";"30,57";"Geprüft"
"26.10.2023 00:00:00";"30,59";"Geprüft"
"30.10.2023 00:00:00";"30,6";"Geprüft"
"08.11.2023 00:00:00";"30,65";"Geprüft"
"13.11.2023 00:00:00";"30,67";"Geprüft"
"19.11.2023 00:00:00";"30,69";"Geprüft"
"27.11.2023 00:00:00";"30,74";"Geprüft"
"04.12.2023 00:00:00";"30,79";"Geprüft"
"07.12.2023 00:00:00";"30,8";"Geprüft"
"13.12.2023 00:00:00";"30,85";"Geprüft"
"20.12.2023 00:00:00";"30,9";"Geprüft"
"26.12.2023 00:00:00";"30,95";"Geprüft"
"30.12.2023 00:00:00";"31,03";"Geprüft"
"07.01.2024 00:00:00";"31,08";"Geprüft"
"14.01.2024 00:00:00";"31,14";"Geprüft"
"26.01.2024 00:00:00";"31,19";"Geprüft"
"01.02.2024 00:00:00";"31,19";"Geprüft"
"07.02.2024 00:00:00";"31,23";"Geprüft"
"17.02.2024 00:00:00";"31,29";"Geprüft"
"23.02.2024 00:00:00";"31,37";"Geprüft"
"03.03.2024 00:00:00";"31,4";"Geprüft"
"12.03.2024 00:00:00";"31,41";"Geprüft"
"17.03.2024 00:00:00";"31,4";"Geprüft"
"25.03.2024 00:00:00";"31,48";"Geprüft"
"05.04.2024 00:00:00";"31,41";"Geprüft"
"11.04.2024 00:00:00";"31,36";"Geprüft"
"18.04.2024 00:00:00";"31,37";"Geprüft"
"24.04.2024 00:00:00";"31,36";"Geprüft"
"02.05.2024 00:00:00";"31,29";"Geprüft"
"15.05.2024 00:00:00";"31,2";"Geprüft"
"23.05.2024 00:00:00";"31,19";"Geprüft"
"30.05.2024 00:00:00";"31,24";"Geprüft"
"05.06.2024 00:00:00";"31,22";"Geprüft"
"13.06.2024 00:00:00";"31,15";"Geprüft"
"20.06.2024 00:00:00";"31,15";"Geprüft"
"27.06.2024 00:00:00";"31,13";"Geprüft"
"04.07.2024 00:00:00";"31,14";"Geprüft"
"10.07.2024 00:00:00";"31,1";"Geprüft"
"18.07.2024 00:00:00";"31,09";"Geprüft"
"23.07.2024 00:00:00";"31,09";"Geprüft"
"30.07.2024 00:00:00";"31,09";"Geprüft"
"05.08.2024 00:00:00";"31,07";"Geprüft"
"12.08.2024 00:00:00";"31,03";"Geprüft"
"20.08.2024 00:00:00";"30,98";"Geprüft"
"27.08.2024 00:00:00";"30,94";"Geprüft"
"09.09.2024 00:00:00";"30,91";"Geprüft"
"18.09.2024 00:00:00";"30,89";"Geprüft"
"25.09.2024 00:00:00";"30,88";"Geprüft"
"02.10.2024 00:00:00";"30,89";"Geprüft"
"10.10.2024 00:00:00";"30,92";"Geprüft"
"19.10.2024 00:00:00";"30,88";"Geprüft"
"23.10.2024 00:00:00";"30,87";"Geprüft"
"28.10.2024 00:00:00";"30,86";"Geprüft"
"03.11.2024 00:00:00";"30,86";"Geprüft"
"10.11.2024 00:00:00";"30,85";"Geprüft"
"14.11.2024 00:00:00";"30,85";"Geprüft"
"20.11.2024 00:00:00";"30,88";"Geprüft"
"28.11.2024 00:00:00";"30,89";"Geprüft"
"04.12.2024 00:00:00";"30,89";"Geprüft"
"11.12.2024 00:00:00";"30,89";"Geprüft"
"18.12.2024 00:00:00";"30,95";"Geprüft"
"02.01.2025 00:00:00";"31,12";"Geprüft"
"12.01.2025 00:00:00";"30,91";"Geprüft"
"15.01.2025 00:00:00";"30,93";"Geprüft"
"21.01.2025 00:00:00";"30,94";"Geprüft"
"27.01.2025 00:00:00";"30,99";"Geprüft"
"06.02.2025 00:00:00";"30,97";"Geprüft"
"15.02.2025 00:00:00";"30,99";"Geprüft"
"21.02.2025 00:00:00";"30,99";"Geprüft"
"25.02.2025 00:00:00";"31";"Geprüft"
"03.03.2025 00:00:00";"30,99";"Geprüft"
"11.03.2025 00:00:00";"30,99";"Geprüft"
"16.03.2025 00:00:00";"30,97";"Geprüft"
"25.03.2025 00:00:00";"30,95";"Geprüft"
"03.04.2025 00:00:00";"30,93";"Geprüft"
"09.04.2025 00:00:00";"30,9";"Geprüft"
"15.04.2025 00:00:00";"30,89";"Geprüft"
"23.04.2025 00:00:00";"30,86";"Geprüft"
"29.04.2025 00:00:00";"30,84";"Geprüft"
"07.05.2025 00:00:00";"30,79";"Geprüft"
"14.05.2025 00:00:00";"30,79";"Geprüft"
"21.05.2025 00:00:00";"30,77";"Geprüft"
"04.06.2025 00:00:00";"30,73";"Geprüft"
"08.07.2025 00:00:00";"30,61";"Geprüft"
"16.07.2025 00:00:00";"30,66";"Geprüft"
"22.07.2025 00:00:00";"30,67";"Geprüft"
"29.07.2025 00:00:00";"30,68";"Geprüft"
"06.08.2025 00:00:00";"30,67";"Geprüft"
"13.08.2025 00:00:00";"30,62";"Geprüft"
"21.08.2025 00:00:00";"30,57";"Geprüft"
"28.08.2025 00:00:00";"30,58";"Geprüft"
"04.09.2025 00:00:00";"30,59";"Geprüft"
"10.09.2025 00:00:00";"30,6";"Geprüft"
"18.09.2025 00:00:00";"30,61";"Geprüft"
"28.09.2025 00:00:00";"30,58";"Geprüft"
"06.10.2025 00:00:00";"30,58";"Geprüft"
"11.10.2025 00:00:00";"30,58";"Geprüft"
"16.10.2025 00:00:00";"30,59";"Geprüft"
